glycopeptide	membrane.loc
ABCA1_QVMAEVNK-N2H6F0S0G0	Yes
ABCA1_QVMAEVNK-N2H7F0S0G0	Yes
ABCA1_YPTPGEAPGVVGNFNK-N2H7F0S0G0	Yes
ABCA1_YPTPGEAPGVVGNFNK-N2H8F0S0G0	Yes
ABCA2_GNMSSLGFTSK-N2H8F0S0G0	Yes
ABCA2_RGNMSSLGFTSK-N2H7F0S0G0	Yes
ABCA2_RGNMSSLGFTSK-N2H8F0S0G0	Yes
ACE_KFDVNQLQNTTIK-N2H5F0S0G0	Yes
ACE_KFDVNQLQNTTIK-N2H7F0S0G0	Yes
ACE_NETHFDAGAK-N2H9F0S0G0	Yes
ACE_NMQIANHTLK-N4H5F1S0G0	Yes
ACE_NMQIANHTLK-N4H5F1S1G0	Yes
ACP2_FNPNISWQPIPVHTVPITEDR-N2H3F1S0G0	Yes
ACP2_NLTLMATTSQLPK-N2H8F0S0G0	Yes
ACP2_QTPEYQNESSR-N2H3F1S0G0	Yes
ACP2_YEQLQNETR-N2H4F0S0G0	Yes
ACP2_YEQLQNETR-N2H5F0S0G0	Yes
ACP2_YEQLQNETR-N2H6F0S0G0	Yes
ACP2_YEQLQNETR-N2H7F0S0G0	Yes
ACP2_YEQLQNETR-N2H8F0S0G0	Yes
ACP2_YHGFLNTSYHR-N2H3F1S0G0	Yes
ACP2_YHGFLNTSYHR-N4H3F1S0G0	Yes
ACVR2A_NISGSIEIVK-N2H5F0S0G0	Yes
ADAM10_EGICNGFTALCPASDPKPNFTDCNR-N4H5F1S2G0	Yes
ADAM10_INTTADEK-N2H8F0S0G0	Yes
ADAM10_INTTADEKDPTNPFRFPNIGVEK-N2H9F0S0G0	Yes
ADAM10_NISFMVK-N2H5F0S0G0	Yes
ADAM10_NISQVLEK-N2H5F0S0G0	Yes
ADAM10_NISQVLEK-N2H6F0S0G0	Yes
ADAM10_NISQVLEK-N2H7F0S0G0	Yes
ADAM10_NISQVLEK-N2H8F0S0G0	Yes
ADAM17_MFSNCSK-N2H5F0S0G0	Yes
ADAM17_NTSWDNAGFK-N2H5F0S0G0	Yes
ADAM17_VVVVDGKNESEYTVK-N2H8F0S0G0	Yes
ADAM22_ETCSGNSSQCAPNIHK-N2H5F0S0G0	Yes
ADAM22_TLNCSGGHVK-N2H5F0S0G0	Yes
ADAM23_HDVFCGFLLCTNLTR-N5H4F2S0G0	Yes
ADAM9_NFSSCSAEDFEK-N2H5F0S0G0	Yes
ADAM9_NFSSCSAEDFEK-N2H6F0S0G0	Yes
ADAM9_NFSSCSAEDFEK-N2H7F0S0G0	Yes
ADAM9_NFSSCSAEDFEK-N2H8F0S0G0	Yes
ADGRB3_NVTDTFK-N2H5F0S0G0	Yes
ADGRE5_LSAVNSIFLSHNNTK-N5H3F1S0G0	Yes
ADGRG1_FMGDMVSFEEDRINATVWK-N2H6F0S0G0	Yes
ADGRG1_FMGDMVSFEEDRINATVWK-N2H7F0S0G0	Yes
ADGRG1_NSSQVLGEK-N2H5F0S0G0	Yes
ADGRG1_NSSQVLGEK-N2H8F0S0G0	Yes
ADGRG1_VANLTEPVVLTFQHQLQPK-N5H5F1S1G0	Yes
ADGRL1_GPDLSNCTSPWVNQVAQK-N2H5F0S0G0	Yes
ADGRL2_NSTIAVNSHVISVSINK-N2H5F0S0G0	Yes
ADGRL2_SLGQFLSTENATIK-N2H5F0S0G0	Yes
ADGRL2_SLGQFLSTENATIK-N2H6F0S0G0	Yes
AGRN_CVEESGSAHCVCPMLTCPEANATK-N4H5F1S1G0	Yes
AGRN_DPCSNVTCSFGSTCAR-N4H5F2S0G0	Yes
AGRN_NELMLNSSLMR-N2H5F0S0G0	Yes
ALCAM_EGDNITLK-N6H3F1S0G0	Yes
ALCAM_EGDNITLK-N6H4F1S0G0	Yes
ALCAM_EGDNITLK-N6H4F2S0G0	Yes
ALCAM_IIISPEENVTLTCTAENQLER-N2H5F0S0G0	Yes
ALCAM_KLGDCISEDSYPDGNITWYR-N2H5F0S0G0	Yes
ALCAM_LGDCISEDSYPDGNITWYR-N2H5F0S0G0	Yes
ALCAM_LGDCISEDSYPDGNITWYR-N5H3F1S0G0	Yes
ALCAM_LNLSENYTLSISNAR-N2H5F0S0G0	Yes
ALCAM_LNLSENYTLSISNAR-N5H3F1S0G0	Yes
ALCAM_NATGDYK-N4H3F1S0G0	Yes
ALCAM_NATGDYK-N5H3F1S0G0	Yes
AMBP_YFYNGTSMACETFQYGGCMGNGNNFVTEK-N4H5F0S2G0	Yes
AMBP_YFYNGTSMACETFQYGGCMGNGNNFVTEK-N4H5F2S1G0	Yes
AMBP_YFYNGTSMACETFQYGGCMGNGNNFVTEK-N4H6F1S1G0	Yes
AMBP_YFYNGTSMACETFQYGGCMGNGNNFVTEK-N5H5F1S1G0	Yes
ANO6_LNITCESSK-N2H6F0S0G0	Yes
ANO6_LNITCESSK-N2H7F0S0G0	Yes
ANO6_LNITCESSK-N2H8F0S0G0	Yes
ANPEP_AEFNITLIHPK-N2H5F0S0G0	Yes
ANPEP_KLNYTLSQGHR-N3H6F0S0G0	Yes
ANPEP_KLNYTLSQGHR-N4H5F0S0G0	Yes
APLP2_RNQSLSLLYK-N2H7F0S0G0	Yes
APLP2_RNQSLSLLYK-N2H8F0S0G0	Yes
APMAP_AGPNGTLFVADAYK-N2H3F0S0G0	Yes
APMAP_AGPNGTLFVADAYK-N2H3F1S0G0	Yes
APMAP_AGPNGTLFVADAYK-N2H4F0S0G0	Yes
APMAP_AGPNGTLFVADAYK-N2H4F1S0G0	Yes
APMAP_AGPNGTLFVADAYK-N2H5F0S0G0	Yes
APMAP_AGPNGTLFVADAYK-N2H5F1S0G0	Yes
APMAP_AGPNGTLFVADAYK-N2H6F0S0G0	Yes
APMAP_AGPNGTLFVADAYK-N2H7F0S0G0	Yes
APMAP_AGPNGTLFVADAYK-N2H8F0S0G0	Yes
APMAP_AGPNGTLFVADAYK-N3H3F1S0G0	Yes
APMAP_AGPNGTLFVADAYK-N4H3F1S0G0	Yes
APMAP_AGPNGTLFVADAYK-N4H5F0S2G0	Yes
APMAP_NMSFVNDLTVTQDGR-N2H5F0S0G0	Yes
APMAP_NMSFVNDLTVTQDGR-N2H6F0S0G0	Yes
APMAP_NMSFVNDLTVTQDGR-N2H7F0S0G0	Yes
APMAP_NMSFVNDLTVTQDGR-N2H8F0S0G0	Yes
APMAP_NMSFVNDLTVTQDGRK-N2H5F0S0G0	Yes
APMAP_NMSFVNDLTVTQDGRK-N2H6F0S0G0	Yes
APMAP_NMSFVNDLTVTQDGRK-N2H7F0S0G0	Yes
APMAP_NMSFVNDLTVTQDGRK-N2H8F0S0G0	Yes
ASPH_LVQLFPNDTSLK-N2H5F0S0G0	Yes
ASPH_LVQLFPNDTSLK-N2H6F0S0G0	Yes
ASPH_LVQLFPNDTSLK-N2H7F0S0G0	Yes
ASPH_LVQLFPNDTSLK-N2H8F0S0G0	Yes
ASPH_LVQLFPNDTSLK-N2H9F0S0G0	Yes
ASPH_YNLSEVLQGK-N2H5F0S0G0	Yes
ASPH_YNLSEVLQGK-N2H6F0S0G0	Yes
ASTN1_AAPIYELVTNNQTQR-N2H8F0S0G0	Yes
ATP1B1_LEWLGNCSGLNDETYGYK-N6H5F1S1G0	Yes
ATP1B1_LEWLGNCSGLNDETYGYK-N6H5F2S1G0	Yes
ATP1B1_VLGFKPKPPKNESLETYPVMK-N5H6F1S3G0	Yes
ATP1B1_VLGFKPKPPKNESLETYPVMK-N5H6F2S3G0	Yes
ATP1B1_VLGFKPKPPKNESLETYPVMK-N5H6F3S2G0	Yes
ATP1B2_FHVNYTQPLVAVK-N2H5F0S0G0	Yes
ATP1B2_FHVNYTQPLVAVK-N2H6F0S0G0	Yes
ATP1B2_FHVNYTQPLVAVK-N2H7F0S0G0	Yes
ATP1B2_FHVNYTQPLVAVK-N2H8F0S0G0	Yes
ATP1B2_FHVNYTQPLVAVK-N2H9F0S0G0	Yes
ATP1B2_FHVNYTQPLVAVK-N3H6F1S0G0	Yes
ATP1B2_FLEPYNDSIQAQK-N2H10F0S0G0	Yes
ATP1B2_FLEPYNDSIQAQK-N2H3F0S0G0	Yes
ATP1B2_FLEPYNDSIQAQK-N2H4F0S0G0	Yes
ATP1B2_FLEPYNDSIQAQK-N2H5F0S0G0	Yes
ATP1B2_FLEPYNDSIQAQK-N2H6F0S0G0	Yes
ATP1B2_FLEPYNDSIQAQK-N2H7F0S0G0	Yes
ATP1B2_FLEPYNDSIQAQK-N2H8F0S0G0	Yes
ATP1B2_FLEPYNDSIQAQK-N2H9F0S0G0	Yes
ATP1B2_FLEPYNDSIQAQK-N3H4F0S0G0	Yes
ATP1B2_FLEPYNDSIQAQK-N3H5F0S0G0	Yes
ATP1B2_FLEPYNDSIQAQK-N3H5F1S0G0	Yes
ATP1B2_FLEPYNDSIQAQK-N3H6F0S0G0	Yes
ATP1B2_FLEPYNDSIQAQK-N3H6F0S1G0	Yes
ATP1B2_FLEPYNDSIQAQK-N3H6F1S0G0	Yes
ATP1B2_FLEPYNDSIQAQK-N4H3F0S2G0	Yes
ATP1B2_FLEPYNDSIQAQK-N4H5F0S0G0	Yes
ATP1B2_FLNVTPNVEVNVECR-N2H9F0S0G0	Yes
ATP1B2_FLNVTPNVEVNVECR-N5H3F1S0G0	Yes
ATP1B2_FLNVTPNVEVNVECR-N5H5F2S1G0	Yes
ATP1B2_FLNVTPNVEVNVECR-N5H6F1S1G0	Yes
ATP1B2_FLNVTPNVEVNVECR-N5H6F3S1G0	Yes
ATP1B2_FLNVTPNVEVNVECR-N6H4F1S0G0	Yes
ATP1B2_KFHVNYTQPLVAVK-N2H5F0S0G0	Yes
ATP1B2_KFHVNYTQPLVAVK-N2H6F0S0G0	Yes
ATP1B2_KFHVNYTQPLVAVK-N2H7F0S0G0	Yes
ATP1B2_KFHVNYTQPLVAVK-N2H8F0S0G0	Yes
ATP1B2_TENLDVIVNVSDTESWDQHVQK-N2H5F0S0G0	Yes
ATP1B2_TENLDVIVNVSDTESWDQHVQK-N2H6F0S0G0	Yes
ATP1B2_TENLDVIVNVSDTESWDQHVQK-N2H7F0S0G0	Yes
ATP1B2_TQLGNCSGIGDSTHYGYSTGQPCVFIK-N2H5F0S0G0	Yes
ATP1B2_TQLGNCSGIGDSTHYGYSTGQPCVFIK-N2H9F0S0G0	Yes
ATP1B2_TQLGNCSGIGDSTHYGYSTGQPCVFIK-N5H4F2S0G0	Yes
ATP1B2_VINFYAGANQSMNVTCAGK-N4H4F0S1G0	Yes
ATP1B3_NLTVCPDGALFEQK-N4H5F1S1G0	Yes
ATP1B3_NLTVCPDGALFEQK-N4H5F1S2G0	Yes
ATP6AP1_LNASLPALLLIR-N2H6F0S0G0	Yes
ATP6AP1_QPVSPVIHPPVSYNDTAPR-N2H8F0S0G0	Yes
ATP6AP1_QPVSPVIHPPVSYNDTAPR-N5H3F1S0G0	Yes
ATRN_CENLTTGK-N2H5F0S0G0	Yes
ATRN_CENLTTGK-N4H5F0S1G0	Yes
ATRN_CENLTTGK-N4H5F0S2G0	Yes
ATRN_CINQSICEK-N4H5F0S2G0	Yes
ATRN_IDSTGNVTNELR-N2H5F0S0G0	Yes
ATRN_IDSTGNVTNELR-N2H6F0S0G0	Yes
ATRN_IDSTGNVTNELR-N2H7F0S0G0	Yes
ATRN_IDSTGNVTNELR-N2H8F0S0G0	Yes
ATRN_IDSTGNVTNELR-N2H9F0S0G0	Yes
ATRN_VFHIHNESWVLLTPK-N2H5F0S0G0	Yes
ATRN_VFHIHNESWVLLTPK-N2H6F0S0G0	Yes
BCAM_TQNFTLLVQGSPELK-N2H4F0S0G0	Yes
BCAM_TQNFTLLVQGSPELK-N2H5F0S0G0	Yes
BCAM_TQNFTLLVQGSPELK-N2H6F0S0G0	Yes
BCAM_TQNFTLLVQGSPELK-N4H5F0S1G0	Yes
BCAN_TLFLFPNQTGFPNK-N2H10F0S0G0	Yes
BCAN_TLFLFPNQTGFPNK-N2H5F0S0G0	Yes
BCAN_TLFLFPNQTGFPNK-N2H6F0S0G0	Yes
BCAN_TLFLFPNQTGFPNK-N2H7F0S0G0	Yes
BCAN_TLFLFPNQTGFPNK-N2H8F0S0G0	Yes
BCAN_TLFLFPNQTGFPNK-N3H3F1S0G0	Yes
BCAN_TLFLFPNQTGFPNK-N3H4F0S1G0	Yes
BCAN_TLFLFPNQTGFPNK-N3H4F1S2G0	Yes
BCAN_TLFLFPNQTGFPNK-N3H4F2S0G0	Yes
BCAN_TLFLFPNQTGFPNK-N3H4F2S2G0	Yes
BCAN_TLFLFPNQTGFPNK-N4H3F1S0G0	Yes
BCAN_TLFLFPNQTGFPNK-N4H3F3S0G0	Yes
BCAN_TLFLFPNQTGFPNK-N4H4F0S1G0	Yes
BCAN_TLFLFPNQTGFPNK-N4H4F1S0G0	Yes
BCAN_TLFLFPNQTGFPNK-N4H4F1S1G0	Yes
BCAN_TLFLFPNQTGFPNK-N4H4F1S2G0	Yes
BCAN_TLFLFPNQTGFPNK-N4H4F2S0G0	Yes
BCAN_TLFLFPNQTGFPNK-N4H5F0S1G0	Yes
BCAN_TLFLFPNQTGFPNK-N4H5F1S0G0	Yes
BCAN_TLFLFPNQTGFPNK-N4H5F1S1G0	Yes
BCAN_TLFLFPNQTGFPNK-N4H5F1S2G0	Yes
BCAN_TLFLFPNQTGFPNK-N4H5F1S3G0	Yes
BCAN_TLFLFPNQTGFPNK-N4H5F2S0G0	Yes
BCAN_TLFLFPNQTGFPNK-N4H5F2S1G0	Yes
BCAN_TLFLFPNQTGFPNK-N4H5F2S2G0	Yes
BCAN_TLFLFPNQTGFPNK-N4H5F3S0G0	Yes
BCAN_TLFLFPNQTGFPNK-N4H5F3S1G0	Yes
BCAN_TLFLFPNQTGFPNK-N4H6F0S1G0	Yes
BCAN_TLFLFPNQTGFPNK-N4H6F1S0G0	Yes
BCAN_TLFLFPNQTGFPNK-N4H6F1S1G0	Yes
BCAN_TLFLFPNQTGFPNK-N4H6F2S0G0	Yes
BCAN_TLFLFPNQTGFPNK-N5H3F1S0G0	Yes
BCAN_TLFLFPNQTGFPNK-N5H3F2S0G0	Yes
BCAN_TLFLFPNQTGFPNK-N5H3F3S0G0	Yes
BCAN_TLFLFPNQTGFPNK-N5H4F0S1G0	Yes
BCAN_TLFLFPNQTGFPNK-N5H4F0S2G0	Yes
BCAN_TLFLFPNQTGFPNK-N5H4F1S0G0	Yes
BCAN_TLFLFPNQTGFPNK-N5H4F1S1G0	Yes
BCAN_TLFLFPNQTGFPNK-N5H4F1S2G0	Yes
BCAN_TLFLFPNQTGFPNK-N5H4F2S0G0	Yes
BCAN_TLFLFPNQTGFPNK-N5H4F2S1G0	Yes
BCAN_TLFLFPNQTGFPNK-N5H4F3S0G0	Yes
BCAN_TLFLFPNQTGFPNK-N5H5F0S1G0	Yes
BCAN_TLFLFPNQTGFPNK-N5H5F1S0G0	Yes
BCAN_TLFLFPNQTGFPNK-N5H5F1S1G0	Yes
BCAN_TLFLFPNQTGFPNK-N5H5F1S2G0	Yes
BCAN_TLFLFPNQTGFPNK-N5H5F2S0G0	Yes
BCAN_TLFLFPNQTGFPNK-N5H5F2S1G0	Yes
BCAN_TLFLFPNQTGFPNK-N5H5F3S0G0	Yes
BCAN_TLFLFPNQTGFPNK-N5H6F1S0G0	Yes
BCAN_TLFLFPNQTGFPNK-N5H6F1S1G0	Yes
BCAN_TLFLFPNQTGFPNK-N5H6F2S0G0	Yes
BCAN_TLFLFPNQTGFPNK-N6H3F1S0G0	Yes
BCAN_TLFLFPNQTGFPNK-N6H3F2S0G0	Yes
BCAN_TLFLFPNQTGFPNK-N6H3F3S0G0	Yes
BCAN_TLFLFPNQTGFPNK-N6H3F4S0G0	Yes
BCAN_TLFLFPNQTGFPNK-N6H4F0S1G0	Yes
BCAN_TLFLFPNQTGFPNK-N6H4F1S1G0	Yes
BCAN_TLFLFPNQTGFPNK-N6H4F1S2G0	Yes
BCAN_TLFLFPNQTGFPNK-N6H4F2S0G0	Yes
BCAN_TLFLFPNQTGFPNK-N6H4F2S1G0	Yes
BCAN_TLFLFPNQTGFPNK-N6H5F1S1G0	Yes
BCAN_TLFLFPNQTGFPNK-N8H4F0S0G0	Yes
BCAN_TLFLFPNQTGFPNK-N8H5F0S0G0	Yes
BCAN_VALPAYPASLTDVSLALSELRPNDSGIYR-N2H5F0S0G0	Yes
BPNT2_QVALQTFGNQTTIIPAGGAGYK-N2H8F0S0G0	Yes
BSCL2_TDCDSSTTSLCSFPVANVSLTK-N2H5F0S0G0	Yes
BSCL2_TDCDSSTTSLCSFPVANVSLTK-N2H6F0S0G0	Yes
BSCL2_TDCDSSTTSLCSFPVANVSLTK-N2H8F0S0G0	Yes
BSCL2_TDCDSSTTSLCSFPVANVSLTK-N2H9F0S0G0	Yes
BSG_ILLTCSLNDSATEVTGHR-N2H6F0S0G0	Yes
BSG_ILLTCSLNDSATEVTGHR-N2H8F0S0G0	Yes
BSG_ILLTCSLNDSATEVTGHR-N4H5F1S2G0	Yes
BST1_DSSGVIHVMLNGSEPTGAYPIK-N2H6F0S0G0	Yes
BTN3A1_IHNVTASDSGK-N2H6F0S0G0	Yes
BTN3A1_IHNVTASDSGK-N4H3F1S0G0	Yes
BTN3A3_IHNVTASDSGK-N2H5F0S0G0	Yes
BTN3A3_IHNVTASDSGK-N2H8F0S0G0	Yes
C8A_GGSSGWSGGLAQNR-N4H5F0S2G0	Yes
C9_AVNITSENLIDDVVSLIR-N4H5F0S1G0	Yes
C9_AVNITSENLIDDVVSLIR-N4H5F0S2G0	Yes
C9_NETYQLFLSYSSK-N4H5F0S2G0	Yes
CACNA2D1_DAVNNITAK-N2H5F0S0G0	Yes
CACNA2D1_DAVNNITAK-N2H6F0S0G0	Yes
CACNA2D1_DAVNNITAK-N2H7F0S0G0	Yes
CACNA2D1_DAVNNITAK-N2H8F0S0G0	Yes
CACNA2D1_DAVNNITAK-N2H9F0S0G0	Yes
CACNA2D1_HLVNISVYAFNK-N6H7F1S2G0	Yes
CACNA2D1_IDVNSWIENFTK-N2H6F0S0G0	Yes
CACNA2D1_IDVNSWIENFTK-N2H7F0S0G0	Yes
CACNA2D1_IDVNSWIENFTK-N2H8F0S0G0	Yes
CADM1_DVTVIEGEVATISCQVNK-N5H4F2S0G0	Yes
CADM2_GSQGQFPLTQNVTVVEGGTAILTCR-N2H5F0S0G0	Yes
CADM2_GSQGQFPLTQNVTVVEGGTAILTCR-N4H4F1S0G0	Yes
CADM2_GSQGQFPLTQNVTVVEGGTAILTCR-N4H5F0S0G0	Yes
CADM2_GSQGQFPLTQNVTVVEGGTAILTCR-N4H5F1S0G0	Yes
CADM2_GSQGQFPLTQNVTVVEGGTAILTCR-N5H3F1S0G0	Yes
CADM2_GSQGQFPLTQNVTVVEGGTAILTCR-N5H4F0S0G0	Yes
CADM2_VDQNDNTSLQWSNPAQQTLYFDDKK-N7H6F3S1G0	Yes
CADM3_MTQESALIFPFLNK-N3H5F2S0G0	Yes
CADM4_AEAVGETLTLPGLVSADNGTYTCEASNK-N3H3F1S0G0	Yes
CADM4_AEAVGETLTLPGLVSADNGTYTCEASNK-N3H5F2S0G0	Yes
CADM4_AEAVGETLTLPGLVSADNGTYTCEASNK-N4H5F1S1G0	Yes
CADM4_QTLFFNGTR-N3H5F1S0G0	Yes
CADM4_QTLFFNGTR-N3H5F1S1G0	Yes
CADM4_QTLFFNGTR-N3H5F2S0G0	Yes
CADM4_QTLFFNGTR-N3H6F1S0G0	Yes
CADM4_QTLFFNGTR-N3H6F1S1G0	Yes
CADM4_QTLFFNGTR-N4H4F1S1G0	Yes
CADM4_QTLFFNGTR-N4H5F1S1G0	Yes
CADM4_QTLFFNGTR-N4H5F2S0G0	Yes
CADM4_QTLFFNGTR-N4H5F2S1G0	Yes
CADM4_QTLFFNGTR-N4H6F2S0G0	Yes
CALCRL_TWTNYTQCNVNTHEK-N3H6F0S1G0	Yes
CALU_NATYGYVLDDPDPDDGFNYK-N2H3F1S0G0	Yes
CALU_NATYGYVLDDPDPDDGFNYK-N2H5F0S0G0	Yes
CALU_NATYGYVLDDPDPDDGFNYK-N2H6F0S0G0	Yes
CALU_NATYGYVLDDPDPDDGFNYK-N3H3F1S0G0	Yes
CALU_NATYGYVLDDPDPDDGFNYK-N4H3F1S0G0	Yes
CALU_NATYGYVLDDPDPDDGFNYK-N5H3F1S0G0	Yes
CALU_NATYGYVLDDPDPDDGFNYK-N5H4F1S1G0	Yes
CALU_NVTYGTYLDDPDPDDGFNYK-N2H5F0S0G0	Yes
CD109_FLVTAPGIIRPGGNVTIGVELLEHCPSQVTVK-N2H5F0S0G0	Yes
CD109_HLNGTITAK-N2H5F0S0G0	Yes
CD109_HLNGTITAK-N2H6F0S0G0	Yes
CD109_HLNGTITAK-N2H7F0S0G0	Yes
CD109_HLNGTITAK-N2H8F0S0G0	Yes
CD109_INGSANFSFNDEEMK-N2H6F0S0G0	Yes
CD109_INGSANFSFNDEEMK-N2H8F0S0G0	Yes
CD109_NVSTNVFFK-N2H6F0S0G0	Yes
CD109_NVSTNVFFK-N2H7F0S0G0	Yes
CD109_NVSTNVFFK-N2H8F0S0G0	Yes
CD109_NVSTNVFFK-N2H9F0S0G0	Yes
CD109_TQDEILFSNSTR-N2H4F0S0G0	Yes
CD109_TQDEILFSNSTR-N2H5F0S0G0	Yes
CD163_EDAAVNCTDISVQK-N4H5F0S1G0	Yes
CD163_EDAAVNCTDISVQK-N5H6F0S1G0	Yes
CD163_QLGCGEAINATGSAHFGEGTGPIWLDEMK-N4H5F1S1G0	Yes
CD276_TALFPDLLAQGNASLR-N2H4F0S0G0	Yes
CD276_TALFPDLLAQGNASLR-N2H4F1S0G0	Yes
CD276_TALFPDLLAQGNASLR-N2H5F0S0G0	Yes
CD276_TALFPDLLAQGNASLR-N3H3F0S0G0	Yes
CD276_TALFPDLLAQGNASLR-N3H3F1S0G0	Yes
CD276_TALFPDLLAQGNASLR-N3H4F0S0G0	Yes
CD276_TALFPDLLAQGNASLR-N3H4F0S1G0	Yes
CD276_TALFPDLLAQGNASLR-N3H4F1S0G0	Yes
CD276_TALFPDLLAQGNASLR-N3H5F0S0G0	Yes
CD276_TALFPDLLAQGNASLR-N3H5F0S1G0	Yes
CD276_TALFPDLLAQGNASLR-N3H5F1S0G0	Yes
CD276_TALFPDLLAQGNASLR-N3H5F1S1G0	Yes
CD276_TALFPDLLAQGNASLR-N3H5F2S0G0	Yes
CD276_TALFPDLLAQGNASLR-N3H6F0S0G0	Yes
CD276_TALFPDLLAQGNASLR-N3H6F0S1G0	Yes
CD276_TALFPDLLAQGNASLR-N3H6F1S0G0	Yes
CD276_TALFPDLLAQGNASLR-N4H3F0S0G0	Yes
CD276_TALFPDLLAQGNASLR-N4H4F0S0G0	Yes
CD276_TALFPDLLAQGNASLR-N4H4F1S0G0	Yes
CD276_TALFPDLLAQGNASLR-N4H5F0S0G0	Yes
CD276_TALFPDLLAQGNASLR-N4H5F0S1G0	Yes
CD276_TALFPDLLAQGNASLR-N4H5F1S1G0	Yes
CD276_TALFPDLLAQGNASLR-N5H3F0S0G0	Yes
CD276_VVLGANGTYSCLVR-N2H5F0S0G0	Yes
CD276_VVLGANGTYSCLVR-N4H5F1S1G0	Yes
CD276_VVLGANGTYSCLVR-N5H3F1S0G0	Yes
CD34_LTQGICLEQNK-N2H5F0S0G0	Yes
CD38_FAEAACDVVHVMLNGSR-N2H5F0S0G0	Yes
CD38_FAEAACDVVHVMLNGSR-N2H6F0S0G0	Yes
CD38_FAEAACDVVHVMLNGSR-N2H7F0S0G0	Yes
CD38_FAEAACDVVHVMLNGSR-N2H8F0S0G0	Yes
CD38_FAEAACDVVHVMLNGSR-N2H9F0S0G0	Yes
CD38_HPCNITEEDYQPLMK-N2H5F0S0G0	Yes
CD38_IFDKNSTFGSVEVHNLQPEK-N2H5F0S0G0	Yes
CD38_NSTFGSVEVHNLQPEK-N2H5F0S0G0	Yes
CD38_NSTFGSVEVHNLQPEK-N2H6F0S0G0	Yes
CD38_NSTFGSVEVHNLQPEK-N2H7F0S0G0	Yes
CD44_AFNSTLPTMAQMEK-N2H8F0S0G0	Yes
CD44_AFNSTLPTMAQMEK-N4H3F1S0G0	Yes
CD44_AFNSTLPTMAQMEK-N4H4F1S0G0	Yes
CD44_AFNSTLPTMAQMEK-N4H4F1S1G0	Yes
CD44_AFNSTLPTMAQMEK-N4H4F2S0G0	Yes
CD44_AFNSTLPTMAQMEK-N4H5F0S1G0	Yes
CD44_AFNSTLPTMAQMEK-N4H5F0S2G0	Yes
CD44_AFNSTLPTMAQMEK-N4H5F1S0G0	Yes
CD44_AFNSTLPTMAQMEK-N4H5F1S1G0	Yes
CD44_AFNSTLPTMAQMEK-N4H5F1S2G0	Yes
CD44_AFNSTLPTMAQMEK-N4H5F2S0G0	Yes
CD44_AFNSTLPTMAQMEK-N4H5F2S1G0	Yes
CD44_AFNSTLPTMAQMEK-N4H5F3S1G0	Yes
CD44_AFNSTLPTMAQMEK-N5H3F1S0G0	Yes
CD44_AFNSTLPTMAQMEK-N5H4F0S1G0	Yes
CD44_AFNSTLPTMAQMEK-N5H4F1S0G0	Yes
CD44_AFNSTLPTMAQMEK-N5H4F1S1G0	Yes
CD44_AFNSTLPTMAQMEK-N5H4F2S0G0	Yes
CD44_AFNSTLPTMAQMEK-N5H5F1S0G0	Yes
CD44_AFNSTLPTMAQMEK-N5H5F1S1G0	Yes
CD44_AFNSTLPTMAQMEK-N5H5F1S2G0	Yes
CD44_AFNSTLPTMAQMEK-N5H5F2S0G0	Yes
CD44_AFNSTLPTMAQMEK-N5H5F2S1G0	Yes
CD44_AFNSTLPTMAQMEK-N5H6F1S1G0	Yes
CD44_AFNSTLPTMAQMEK-N5H6F1S2G0	Yes
CD44_AFNSTLPTMAQMEK-N5H6F1S3G0	Yes
CD44_AFNSTLPTMAQMEK-N5H6F2S2G0	Yes
CD44_AFNSTLPTMAQMEK-N5H6F3S1G0	Yes
CD44_AFNSTLPTMAQMEK-N6H5F1S0G0	Yes
CD44_AFNSTLPTMAQMEK-N6H5F1S1G0	Yes
CD47_DIYTFDGALNK-N2H3F0S0G0	Yes
CD47_DIYTFDGALNK-N2H4F0S0G0	Yes
CD47_DIYTFDGALNK-N2H5F0S0G0	Yes
CD47_DIYTFDGALNK-N2H6F0S0G0	Yes
CD47_DIYTFDGALNK-N2H7F0S0G0	Yes
CD47_DIYTFDGALNK-N2H8F0S0G0	Yes
CD47_DIYTFDGALNK-N3H5F0S0G0	Yes
CD47_DIYTFDGALNK-N3H5F1S0G0	Yes
CD47_DIYTFDGALNK-N3H6F0S0G0	Yes
CD47_DIYTFDGALNK-N3H6F0S1G0	Yes
CD47_DIYTFDGALNK-N3H6F1S0G0	Yes
CD47_DIYTFDGALNK-N3H6F2S0G0	Yes
CD47_DIYTFDGALNK-N3H7F0S0G0	Yes
CD47_GRDIYTFDGALNK-N2H5F0S0G0	Yes
CD47_GRDIYTFDGALNK-N2H6F0S0G0	Yes
CD47_GRDIYTFDGALNK-N2H7F0S0G0	Yes
CD47_SDAVSHTGNYTCEVTELTR-N2H3F1S0G0	Yes
CD47_SDAVSHTGNYTCEVTELTR-N2H5F0S0G0	Yes
CD47_SDAVSHTGNYTCEVTELTR-N3H3F1S0G0	Yes
CD47_SDAVSHTGNYTCEVTELTR-N3H4F1S0G0	Yes
CD47_SDAVSHTGNYTCEVTELTR-N3H5F2S0G0	Yes
CD47_SDAVSHTGNYTCEVTELTR-N4H4F1S0G0	Yes
CD47_SDAVSHTGNYTCEVTELTR-N4H5F1S1G0	Yes
CD47_SDAVSHTGNYTCEVTELTR-N5H3F1S0G0	Yes
CD58_NSTSIYFK-N2H5F0S0G0	Yes
CD59_TAVNCSSDFDACLITK-N3H4F1S2G0	Yes
CD59_TAVNCSSDFDACLITK-N4H3F1S0G0	Yes
CD59_TAVNCSSDFDACLITK-N4H4F0S1G0	Yes
CD59_TAVNCSSDFDACLITK-N4H4F1S1G0	Yes
CD59_TAVNCSSDFDACLITK-N4H4F2S0G0	Yes
CD59_TAVNCSSDFDACLITK-N4H5F1S1G0	Yes
CD59_TAVNCSSDFDACLITK-N4H5F1S2G0	Yes
CD59_TAVNCSSDFDACLITK-N4H5F2S1G0	Yes
CD59_TAVNCSSDFDACLITK-N4H5F3S0G0	Yes
CD59_TAVNCSSDFDACLITK-N5H3F1S0G0	Yes
CD59_TAVNCSSDFDACLITK-N5H4F0S0G0	Yes
CD59_TAVNCSSDFDACLITK-N5H4F0S1G0	Yes
CD59_TAVNCSSDFDACLITK-N5H4F1S0G0	Yes
CD59_TAVNCSSDFDACLITK-N5H4F1S1G0	Yes
CD59_TAVNCSSDFDACLITK-N5H4F2S0G0	Yes
CD59_TAVNCSSDFDACLITK-N5H4F2S1G0	Yes
CD59_TAVNCSSDFDACLITK-N5H5F1S0G0	Yes
CD59_TAVNCSSDFDACLITK-N5H5F1S1G0	Yes
CD59_TAVNCSSDFDACLITK-N5H5F2S0G0	Yes
CD59_TAVNCSSDFDACLITK-N5H5F2S1G0	Yes
CD59_TAVNCSSDFDACLITK-N5H5F3S0G0	Yes
CD59_TAVNCSSDFDACLITK-N5H6F2S1G0	Yes
CD59_TAVNCSSDFDACLITK-N6H4F2S0G0	Yes
CD59_TAVNCSSDFDACLITK-N6H5F1S1G0	Yes
CD59_TAVNCSSDFDACLITK-N6H5F2S1G0	Yes
CD59_TAVNCSSDFDACLITK-N6H6F2S1G0	Yes
CD63_NNHTASILDR-N2H5F0S0G0	Yes
CD63_NNHTASILDR-N2H8F0S0G0	Yes
CD68_VMYTTQGGGEAWGISVLNPNKTK-N5H6F1S1G0	Yes
CD74_GHHNCSESLELEDPSSGLGVTK-N2H6F0S0G0	Yes
CD74_YGNMTEDHVMHLLQNADPLK-N2H6F0S0G0	Yes
CD74_YGNMTEDHVMHLLQNADPLK-N2H7F0S0G0	Yes
CD74_YGNMTEDHVMHLLQNADPLK-N2H8F0S0G0	Yes
CD74_YGNMTEDHVMHLLQNADPLK-N2H9F0S0G0	Yes
CDH11_FIFSLPPEIIHNPNFTVR-N2H6F0S0G0	Yes
CDH11_FIFSLPPEIIHNPNFTVR-N2H7F0S0G0	Yes
CDH11_FIFSLPPEIIHNPNFTVR-N2H8F0S0G0	Yes
CDH13_ANYNLPIMVTDSGKPPMTNITDLR-N2H5F0S0G0	Yes
CDH13_INNTHALVSLLQNLNK-N2H5F0S0G0	Yes
CDH13_INNTHALVSLLQNLNK-N2H7F0S0G0	Yes
CDH13_INNTHALVSLLQNLNK-N3H6F1S0G0	Yes
CDH13_INNTHALVSLLQNLNK-N4H5F0S0G0	Yes
CDH13_NLSVVILGASDK-N2H5F0S0G0	Yes
CDH13_NLSVVILGASDK-N2H5F1S0G0	Yes
CDH2_SNISILR-N2H3F0S0G0	Yes
CDH2_SNISILR-N2H4F0S0G0	Yes
CDH2_SNISILR-N2H5F0S0G0	Yes
CDH6_IFNIDSGNGSIFTSK-N2H5F0S0G0	Yes
CDH6_IFNIDSGNGSIFTSK-N4H5F1S1G0	Yes
CDH6_IFNIDSGNGSIFTSK-N5H3F1S0G0	Yes
CELSR2_NATQHTAGYFGSDVK-N2H5F0S0G0	Yes
CEMIP2_NNISLVK-N2H9F0S0G0	Yes
CFH_IPCSQPPQIEHGTINSSR-N4H5F0S1G0	Yes
CFH_IPCSQPPQIEHGTINSSR-N4H5F0S2G0	Yes
CFH_ISEENETTCYMGK-N3H4F0S1G0	Yes
CFH_ISEENETTCYMGK-N4H5F0S1G0	Yes
CFH_ISEENETTCYMGK-N4H5F0S2G0	Yes
CFH_ISEENETTCYMGK-N4H5F1S1G0	Yes
CFH_ISEENETTCYMGK-N4H5F1S2G0	Yes
CFH_ISEENETTCYMGK-N4H5F2S1G0	Yes
CFH_MDGASNVTCINSR-N4H5F0S1G0	Yes
CFH_MDGASNVTCINSR-N4H5F0S2G0	Yes
CFH_SPDVINGSPISQK-N4H5F0S2G0	Yes
CFH_SPYEMFGDEEVMCLNGNWTEPPQCK-N4H5F0S2G0	Yes
CFH_SPYEMFGDEEVMCLNGNWTEPPQCK-N4H5F2S1G0	Yes
CFH_SPYEMFGDEEVMCLNGNWTEPPQCK-N4H6F1S1G0	Yes
CHL1_LTVNSSNSIK-N5H3F1S0G0	Yes
CHL1_VQAINQLGSGPDPQSVTLYSGEDYPDTAPVIHGVDVINSTLVK-N2H5F0S0G0	Yes
CHPF2_ATLSTLAVAVNR-N2H8F0S0G0	Yes
CLPTM1L_TVNVSVPK-N2H5F0S0G0	Yes
CLPTM1L_TVNVSVPK-N2H6F0S0G0	Yes
CLPTM1L_TVNVSVPK-N2H7F0S0G0	Yes
CLPTM1L_TVNVSVPK-N2H8F0S0G0	Yes
CLPTM1L_VKDLMVINR-N2H8F0S0G0	Yes
CLPTM1_DYYPINESLASLPLR-N2H6F0S0G0	Yes
CLPTM1_DYYPINESLASLPLR-N2H7F0S0G0	Yes
CLPTM1_DYYPINESLASLPLR-N2H8F0S0G0	Yes
CLU_ELPGVCNETMMALWEECKPCLK-N4H5F0S2G0	Yes
CLU_ELPGVCNETMMALWEECKPCLK-N4H5F1S1G0	Yes
CLU_ELPGVCNETMMALWEECKPCLK-N4H5F1S2G0	Yes
CLU_ELPGVCNETMMALWEECKPCLK-N4H5F2S1G0	Yes
CLU_HNSTGCLR-N2H5F0S0G0	Yes
CLU_HNSTGCLR-N2H7F0S0G0	Yes
CLU_HNSTGCLR-N2H8F0S0G0	Yes
CLU_HNSTGCLR-N4H5F0S0G0	Yes
CLU_HNSTGCLR-N4H5F0S1G0	Yes
CLU_KKEDALNETR-N4H5F0S2G0	Yes
CLU_KKEDALNETR-N4H5F1S2G0	Yes
CLU_LANLTQGEDQYYLR-N2H5F0S0G0	Yes
CLU_LANLTQGEDQYYLR-N2H6F0S0G0	Yes
CLU_LANLTQGEDQYYLR-N2H7F0S0G0	Yes
CLU_LANLTQGEDQYYLR-N2H8F0S0G0	Yes
CLU_LANLTQGEDQYYLR-N2H9F0S0G0	Yes
CLU_LANLTQGEDQYYLR-N3H3F1S0G0	Yes
CLU_LANLTQGEDQYYLR-N3H4F1S1G0	Yes
CLU_LANLTQGEDQYYLR-N4H3F1S0G0	Yes
CLU_LANLTQGEDQYYLR-N4H4F1S1G0	Yes
CLU_LANLTQGEDQYYLR-N4H4F2S0G0	Yes
CLU_LANLTQGEDQYYLR-N4H5F0S0G0	Yes
CLU_LANLTQGEDQYYLR-N4H5F0S1G0	Yes
CLU_LANLTQGEDQYYLR-N4H5F0S2G0	Yes
CLU_LANLTQGEDQYYLR-N4H5F1S0G0	Yes
CLU_LANLTQGEDQYYLR-N4H5F1S1G0	Yes
CLU_LANLTQGEDQYYLR-N4H5F1S2G0	Yes
CLU_LANLTQGEDQYYLR-N4H5F1S3G0	Yes
CLU_LANLTQGEDQYYLR-N4H5F2S1G0	Yes
CLU_LANLTQGEDQYYLR-N4H5F2S2G0	Yes
CLU_LANLTQGEDQYYLR-N5H3F1S0G0	Yes
CLU_LANLTQGEDQYYLR-N5H4F1S0G0	Yes
CLU_LANLTQGEDQYYLR-N5H4F1S1G0	Yes
CLU_LANLTQGEDQYYLR-N5H4F1S2G0	Yes
CLU_LANLTQGEDQYYLR-N5H4F2S0G0	Yes
CLU_LANLTQGEDQYYLR-N5H5F1S0G0	Yes
CLU_LANLTQGEDQYYLR-N5H5F1S2G0	Yes
CLU_LANLTQGEDQYYLR-N5H6F0S3G0	Yes
CLU_LANLTQGEDQYYLR-N5H6F1S3G0	Yes
CLU_LANLTQGEDQYYLR-N6H3F1S0G0	Yes
CNNM4_DLVVQQLVNVSR-N2H6F0S0G0	Yes
CNNM4_DLVVQQLVNVSR-N2H7F0S0G0	Yes
CNNM4_DLVVQQLVNVSR-N2H8F0S0G0	Yes
CNTN1_ANSTGTLVITDPTR-N4H3F0S0G0	Yes
CNTN1_ANSTGTLVITDPTR-N4H3F1S0G0	Yes
CNTN1_ANSTGTLVITDPTR-N5H3F0S0G0	Yes
CNTN1_ANSTGTLVITDPTR-N5H3F1S0G0	Yes
CNTN1_ANSTGTLVITDPTR-N5H4F1S0G0	Yes
CNTN1_ANSTGTLVITDPTR-N5H4F2S0G0	Yes
CNTN1_DVYALMGQNVTLECFALGNPVPDIR-N2H5F0S0G0	Yes
CNTN1_DVYALMGQNVTLECFALGNPVPDIR-N2H7F0S0G0	Yes
CNTN1_DVYALMGQNVTLECFALGNPVPDIR-N2H8F0S0G0	Yes
CNTN1_DVYALMGQNVTLECFALGNPVPDIR-N5H4F0S0G0	Yes
CNTN1_DVYALMGQNVTLECFALGNPVPDIR-N5H4F1S0G0	Yes
CNTN1_DVYALMGQNVTLECFALGNPVPDIR-N5H5F0S0G0	Yes
CNTN1_FVSQTNGNLYIANVEASDKGNYSCFVSSPSITK-N5H3F0S0G0	Yes
CNTN1_GNYSCFVSSPSITK-N2H5F0S0G0	Yes
CNTN1_GNYSCFVSSPSITK-N4H3F0S0G0	Yes
CNTN1_GNYSCFVSSPSITK-N5H3F0S0G0	Yes
CNTN1_GNYSCFVSSPSITK-N5H3F1S0G0	Yes
CNTN1_GNYSCFVSSPSITK-N5H4F1S0G0	Yes
CNTN1_GTEWLVNSSR-N2H3F0S0G0	Yes
CNTN1_GTEWLVNSSR-N2H4F0S0G0	Yes
CNTN1_GTEWLVNSSR-N2H5F0S0G0	Yes
CNTN1_GTEWLVNSSR-N2H6F0S0G0	Yes
CNTN1_GTEWLVNSSR-N2H7F0S0G0	Yes
CNTN1_GTEWLVNSSR-N3H3F0S0G0	Yes
CNTN1_GTEWLVNSSR-N3H3F1S0G0	Yes
CNTN1_ILIWEDGSLEINNITR-N2H5F0S0G0	Yes
CNTN1_ILIWEDGSLEINNITR-N4H3F1S0G0	Yes
CNTN1_ILIWEDGSLEINNITR-N4H5F0S0G0	Yes
CNTN1_ILIWEDGSLEINNITR-N5H3F1S0G0	Yes
CNTN1_YIITWDHVVALSNESTVTGYK-N2H5F0S0G0	Yes
CNTN1_YIITWDHVVALSNESTVTGYK-N2H6F0S0G0	Yes
CNTN1_YIITWDHVVALSNESTVTGYK-N2H7F0S0G0	Yes
CNTN1_YIITWDHVVALSNESTVTGYK-N2H8F0S0G0	Yes
CNTN1_YIITWDHVVALSNESTVTGYK-N4H4F1S1G0	Yes
CNTN1_YIITWDHVVALSNESTVTGYK-N5H3F1S0G0	Yes
CNTN1_YIITWDHVVALSNESTVTGYK-N5H4F1S1G0	Yes
CNTN1_YIITWDHVVALSNESTVTGYK-N5H4F2S0G0	Yes
CNTN1_YIITWDHVVALSNESTVTGYK-N5H5F1S1G0	Yes
CNTN1_YIITWDHVVALSNESTVTGYK-N5H5F2S1G0	Yes
CNTN1_YIITWDHVVALSNESTVTGYK-N6H5F2S1G0	Yes
CNTN1_YTCTAQTIVDNSSASADLVVR-N2H5F0S0G0	Yes
CNTN1_YTCTAQTIVDNSSASADLVVR-N2H6F0S0G0	Yes
CNTN1_YTCTAQTIVDNSSASADLVVR-N2H7F0S0G0	Yes
CNTN1_YTCTAQTIVDNSSASADLVVR-N2H8F0S0G0	Yes
CNTN1_YTCTAQTIVDNSSASADLVVR-N2H9F0S0G0	Yes
CNTN2_GTEILVNSSR-N2H4F0S0G0	Yes
CNTN2_GTEILVNSSR-N2H5F0S0G0	Yes
CNTN2_GTEILVNSSR-N2H6F0S0G0	Yes
CNTN2_VPGADAQYFVYSNESVRPYTPFEVK-N5H3F1S0G0	Yes
CNTNAP1_ANHSLDVSFYFR-N2H10F0S0G0	Yes
CNTNAP1_ANHSLDVSFYFR-N2H8F0S0G0	Yes
CNTNAP1_DVNFTLDGYVQR-N2H8F0S0G0	Yes
CNTNAP1_DVNFTLDGYVQR-N2H9F0S0G0	Yes
CNTNAP1_GLLTFVDHLPVTQVVIGDTNR-N2H5F0S0G0	Yes
CNTNAP1_TSGNFTIDPDGSGPLKPFVVYCDIR-N2H5F0S0G0	Yes
CNTNAP1_VDGQLVNLTLVEGR-N2H5F0S0G0	Yes
CNTNAP1_VDGQLVNLTLVEGR-N2H6F0S0G0	Yes
CNTNAP1_VDGQLVNLTLVEGR-N2H7F0S0G0	Yes
CNTNAP1_VDGQLVNLTLVEGR-N2H8F0S0G0	Yes
CNTNAP1_VELNTSR-N2H3F0S0G0	Yes
CNTNAP1_VELNTSR-N2H4F0S0G0	Yes
CNTNAP1_VELNTSR-N2H5F0S0G0	Yes
CNTNAP1_VELNTSR-N2H7F0S0G0	Yes
CNTNAP1_VELNTSR-N2H8F0S0G0	Yes
CNTNAP1_WDCHSNQTAFHGCMELLK-N2H5F0S0G0	Yes
CNTNAP2_GCMESINYNGVNITDLAR-N2H6F0S0G0	Yes
CNTNAP2_GCMESINYNGVNITDLAR-N2H7F0S0G0	Yes
CNTNAP2_NMANGQPHSVNITR-N2H6F0S0G0	Yes
CNTNAP2_SINLTLDR-N2H4F0S0G0	Yes
CNTNAP2_SINLTLDR-N2H5F0S0G0	Yes
CNTNAP2_VGVHINITQTK-N2H5F0S0G0	Yes
CNTNAP2_VGVHINITQTK-N4H4F0S0G0	Yes
CNTNAP2_VGVHINITQTK-N5H3F0S0G0	Yes
CNTNAP2_VYCNMTEDK-N2H5F0S0G0	Yes
CNTNAP4_QVNFTVDEHR-N2H5F0S0G0	Yes
CNTNAP5_IWTSVQHNNTELTR-N2H5F0S0G0	Yes
CNTNAP5_QVNFTVDK-N2H5F0S0G0	Yes
COL6A2_GTFTDCALANMTEQIR-N4H5F0S0G0	Yes
COL6A2_GTFTDCALANMTEQIR-N4H5F0S1G0	Yes
COL6A2_GTFTDCALANMTEQIR-N5H4F0S0G0	Yes
COL6A2_GTFTDCALANMTEQIR-N5H5F0S0G0	Yes
COL6A2_HAELSFVFLTDGVTGNDSLHESAHSMR-N4H5F1S0G0	Yes
COL6A2_NMTLFSDLVAEK-N2H8F0S0G0	Yes
COL6A2_NMTLFSDLVAEK-N4H3F1S0G0	Yes
COL6A2_NMTLFSDLVAEK-N4H4F1S0G0	Yes
COL6A2_NMTLFSDLVAEK-N4H5F0S0G0	Yes
COL6A2_NMTLFSDLVAEK-N4H5F0S1G0	Yes
COL6A2_NMTLFSDLVAEK-N4H5F1S0G0	Yes
COL6A2_NMTLFSDLVAEK-N4H5F1S1G0	Yes
COL6A2_NMTLFSDLVAEK-N4H5F1S2G0	Yes
CPD_GILNATISVAEINHPVTTYK-N2H5F0S0G0	Yes
CPD_SEGAIQVNFTLVR-N2H5F0S0G0	Yes
CPD_SEGAIQVNFTLVR-N2H6F0S0G0	Yes
CPD_SEGAIQVNFTLVR-N2H7F0S0G0	Yes
CPE_DLQGNPIANATISVEGIDHDVTSAK-N2H5F0S0G0	Yes
CPE_GNETIVNLIHSTR-N2H5F0S0G0	Yes
CPE_GNETIVNLIHSTR-N2H6F0S0G0	Yes
CPE_GNETIVNLIHSTR-N2H7F0S0G0	Yes
CPM_TVAQNYSSVTHLHSIGK-N5H3F1S0G0	Yes
CSF1R_VLTLNLDQVDFQHAGNYSCVASNVQGK-N4H5F0S1G0	Yes
CSF1R_VLTLNLDQVDFQHAGNYSCVASNVQGK-N4H5F1S1G0	Yes
CSF2RA_NYFLVNGTSR-N2H6F0S0G0	Yes
CSMD2_IINCTDPGHQENSVR-N2H5F0S0G0	Yes
CTSL_YSVANDTGFVDIPK-N2H5F0S0G0	Yes
CTSL_YSVANDTGFVDIPKQEK-N2H5F0S0G0	Yes
CXADR_SGDASINVTNLQLSDIGTYQCK-N4H5F0S1G0	Yes
CXADR_SGDASINVTNLQLSDIGTYQCK-N5H3F0S0G0	Yes
CXADR_SGDASINVTNLQLSDIGTYQCK-N5H4F1S0G0	Yes
DCHS1_AEDRDAGANASILYR-N2H5F0S0G0	Yes
DCHS1_EAFALNSSTGELR-N2H5F0S0G0	Yes
DPP10_AGVNYTMQVYPDEGHNVSEK-N2H9F0S0G0	Yes
DPP10_LAFLMINDSLVPTMVIPR-N2H5F0S0G0	Yes
DPP6_ANYSLQIYPDESHYFTSSSLK-N2H8F0S0G0	Yes
DPP6_ANYSLQIYPDESHYFTSSSLK-N2H9F0S0G0	Yes
DPP6_AQNVSILTLCDATTGVCTK-N2H4F0S0G0	Yes
DPP6_AQNVSILTLCDATTGVCTK-N2H5F0S0G0	Yes
DPP6_AQNVSILTLCDATTGVCTK-N2H6F0S0G0	Yes
DPP6_GKANYSLQIYPDESHYFTSSSLK-N2H8F0S0G0	Yes
DPP6_LAYAAINDSR-N2H4F0S0G0	Yes
DPP6_LAYAAINDSR-N2H5F0S0G0	Yes
DPP6_LAYAAINDSR-N4H3F0S0G0	Yes
DPP6_LAYAAINDSR-N4H4F0S0G0	Yes
DPP6_LAYAAINDSR-N4H4F1S0G0	Yes
DPP6_LAYAAINDSR-N5H3F0S0G0	Yes
DPP6_LAYAAINDSR-N5H4F1S0G0	Yes
DPP6_LWNVETNTSTVLIEGK-N2H5F0S0G0	Yes
DPP6_LWNVETNTSTVLIEGK-N2H6F0S0G0	Yes
DPP6_LWNVETNTSTVLIEGK-N2H7F0S0G0	Yes
DPP6_LWNVETNTSTVLIEGK-N2H8F0S0G0	Yes
DPY19L4_GVYELTHNNK-N2H6F0S0G0	Yes
ECE1_HLLENSTASVSEAER-N2H5F0S0G0	Yes
ECE1_HLLENSTASVSEAER-N2H6F0S0G0	Yes
ECE1_HLLENSTASVSEAERK-N2H6F0S0G0	Yes
EFEMP2_CQCEPGFQLGPNNR-N2H5F0S0G0	Yes
EFNA3_HAVYWNSSNQHLR-N2H6F0S0G0	Yes
EFNA5_YAVYWNSSNPR-N2H5F0S0G0	Yes
EFNA5_YAVYWNSSNPR-N2H6F0S0G0	Yes
EGFR_CDPSCPNGSCWGAGEENCQK-N2H5F0S0G0	Yes
EGFR_DSLSINATNIK-N2H3F0S0G0	Yes
EGFR_DSLSINATNIK-N2H4F0S0G0	Yes
EGFR_DSLSINATNIK-N2H5F0S0G0	Yes
EGFR_DSLSINATNIK-N2H6F0S0G0	Yes
EGFR_DSLSINATNIK-N2H7F0S0G0	Yes
EGFR_DSLSINATNIK-N2H8F0S0G0	Yes
EGFR_DSLSINATNIK-N2H9F0S0G0	Yes
EGFR_EITGFLLIQAWPENR-N5H3F1S0G0	Yes
EGFR_NCTSISGDLHILPVAFR-N2H5F0S0G0	Yes
EGFR_NCTSISGDLHILPVAFR-N2H6F0S0G0	Yes
EGFR_NCTSISGDLHILPVAFR-N2H7F0S0G0	Yes
EGFR_NCTSISGDLHILPVAFR-N2H8F0S0G0	Yes
EGFR_QHGQFSLAVVSLNITSLGLR-N2H5F0S0G0	Yes
EGFR_TCPAGVMGENNTLVWK-N4H5F1S1G0	Yes
EGFR_TCPAGVMGENNTLVWK-N4H5F1S2G0	Yes
EGFR_VCNGIGIGEFKDSLSINATNIK-N2H6F0S0G0	Yes
EMC1_FINYNQTVSR-N2H7F0S0G0	Yes
EMC1_FINYNQTVSR-N2H8F0S0G0	Yes
EMC1_FINYNQTVSR-N2H9F0S0G0	Yes
ENPEP_HTAEYAANITK-N5H6F0S0G0	Yes
ENTPD1_FLNLTSEK-N2H5F0S0G0	Yes
ENTPD1_FLNLTSEK-N3H6F0S0G0	Yes
ENTPD1_FLNLTSEK-N3H6F0S1G0	Yes
ENTPD1_VVNVSDLYK-N5H6F1S2G0	Yes
EPHB3_YAAVNITTNQAAPSEVPTLR-N2H5F0S0G0	Yes
ERAP1_CFDAMEVDALNSSHPVSTPVENPAQIR-N3H7F1S0G0	Yes
ERAP2_DLEITNATLQSEEDSR-N2H5F0S0G0	Yes
ERAP2_DLEITNATLQSEEDSR-N2H6F0S0G0	Yes
ERBB3_FQTVDSSNIDGFVNCTK-N2H5F0S0G0	Yes
ERLIN2_NYTADYDK-N2H5F0S0G0	Yes
ERLIN2_NYTADYDK-N2H6F0S0G0	Yes
ERLIN2_NYTADYDK-N2H7F0S0G0	Yes
ERLIN2_NYTADYDK-N2H8F0S0G0	Yes
ERLIN2_NYTADYDK-N2H9F0S0G0	Yes
ERO1A_KWGHNITEFQQR-N2H6F0S0G0	Yes
ERO1A_WGHNITEFQQR-N2H6F0S0G0	Yes
ESAM_GSLSLTNLSSSMAGVYVCK-N2H7F0S0G0	Yes
F3_VNVTVEDER-N3H5F1S0G0	Yes
F3_VNVTVEDER-N3H6F0S0G0	Yes
F3_VNVTVEDER-N3H6F1S0G0	Yes
FAM171A2_ASVDVFGNR-N2H4F0S0G0	Yes
FAM171A2_ASVDVFGNR-N2H5F0S0G0	Yes
FAM171B_TNSTVTK-N2H5F0S0G0	Yes
FAM234B_MLSAFNATSGK-N2H5F0S0G0	Yes
FAM234B_MLSAFNATSGK-N2H6F0S0G0	Yes
FAM234B_MLSAFNATSGK-N2H7F0S0G0	Yes
FAT1_TGALTVQNTTQLR-N2H5F0S0G0	Yes
FAT1_TGALTVQNTTQLR-N2H6F0S0G0	Yes
FAT1_TGALTVQNTTQLR-N2H7F0S0G0	Yes
FAT3_YVLNVSVSDGR-N2H5F0S0G0	Yes
FAT4_YQNVTGFSNVNINR-N2H5F0S0G0	Yes
FCGRT_GPYTLQGLLGCELGPDNTSVPTAK-N4H5F1S1G0	Yes
FLT1_SVNTSVHIYDK-N4H5F0S1G0	Yes
FLT1_VTSPNITVTLK-N4H5F1S1G0	Yes
FOLH1_NFTEIASK-N2H8F0S0G0	Yes
GAA_GVFITNETGQPLIGK-N2H4F0S0G0	Yes
GAA_GVFITNETGQPLIGK-N2H5F0S0G0	Yes
GAA_GVFITNETGQPLIGK-N2H6F0S0G0	Yes
GAA_GVFITNETGQPLIGK-N2H7F0S0G0	Yes
GAA_GVFITNETGQPLIGK-N2H8F0S0G0	Yes
GAA_GVFITNETGQPLIGK-N2H9F0S0G0	Yes
GAA_LENLSSSEMGYTATLTR-N2H3F0S0G0	Yes
GAA_LENLSSSEMGYTATLTR-N2H4F0S0G0	Yes
GAA_LENLSSSEMGYTATLTR-N2H5F0S0G0	Yes
GAA_LENLSSSEMGYTATLTR-N2H6F0S0G0	Yes
GAA_NNTIVNELVR-N2H3F1S0G0	Yes
GAA_QVVENMTR-N2H3F0S0G0	Yes
GAA_QVVENMTR-N2H4F0S0G0	Yes
GAA_QVVENMTR-N2H5F0S0G0	Yes
GAA_QVVENMTR-N2H6F0S0G0	Yes
GAA_RGVFITNETGQPLIGK-N2H6F0S0G0	Yes
GAA_VTVLGVATAPQQVLSNGVPVSNFTYSPDTK-N2H3F1S0G0	Yes
GABBR1_SISNMTSQEFVEK-N2H5F0S0G0	Yes
GABBR1_SISNMTSQEFVEK-N5H3F1S0G0	Yes
GABBR2_IQDFNYTDHTLGR-N5H3F1S0G0	Yes
GABRA1_SVAHNMTMPNK-N2H6F0S0G0	Yes
GABRB2_LSYNVIPLNLTLDNR-N2H5F0S0G0	Yes
GABRB3_LAYSGIPLNLTLDNR-N2H5F0S0G0	Yes
GABRG2_NTTEVVK-N2H5F0S0G0	Yes
GBA_DLGPTLANSTHHNVR-N2H3F1S0G0	Yes
GBA_DLGPTLANSTHHNVR-N3H4F1S1G0	Yes
GBA_TYTYADTPDDFQLHNFSLPEEDTK-N2H3F1S0G0	Yes
GBA_TYTYADTPDDFQLHNFSLPEEDTK-N3H4F1S1G0	Yes
GFRA2_NAIQAFGNGTDVNVSPK-N5H4F2S0G0	Yes
GOLM1_AVLVNNITTGER-N2H8F0S0G0	Yes
GPC1_SFDDHFQHLLNDSER-N2H5F0S0G0	Yes
GPC1_SFDDHFQHLLNDSER-N4H4F1S0G0	Yes
GPC1_SFDDHFQHLLNDSER-N4H5F0S0G0	Yes
GPC1_SFDDHFQHLLNDSER-N4H5F1S0G0	Yes
GPC1_SFDDHFQHLLNDSER-N5H3F0S0G0	Yes
GPC1_SFDDHFQHLLNDSER-N5H3F1S0G0	Yes
GPNMB_NDRNSSDETFLK-N2H3F1S0G0	Yes
GPNMB_NSSDETFLK-N2H3F0S0G0	Yes
GPNMB_NSSDETFLK-N2H3F1S0G0	Yes
GPNMB_NSSDETFLK-N3H4F1S1G0	Yes
GPNMB_VSVNTANVTLGPQLMEVTVYR-N2H3F0S0G0	Yes
GPNMB_VSVNTANVTLGPQLMEVTVYR-N2H4F0S0G0	Yes
GPNMB_VSVNTANVTLGPQLMEVTVYR-N2H5F0S0G0	Yes
GPNMB_VSVNTANVTLGPQLMEVTVYR-N2H6F0S0G0	Yes
GPNMB_VSVNTANVTLGPQLMEVTVYR-N2H7F0S0G0	Yes
GPNMB_VSVNTANVTLGPQLMEVTVYR-N3H4F0S1G0	Yes
GPNMB_VSVNTANVTLGPQLMEVTVYR-N3H5F0S1G0	Yes
GPNMB_VSVNTANVTLGPQLMEVTVYR-N3H6F0S1G0	Yes
GPNMB_VSVNTANVTLGPQLMEVTVYR-N4H5F0S1G0	Yes
GPNMB_VSVNTANVTLGPQLMEVTVYRR-N2H5F0S0G0	Yes
GPNMB_VSVNTANVTLGPQLMEVTVYRR-N2H6F0S0G0	Yes
GRIA2_IQFGGANVSGFQIVDYDDSLVSK-N2H5F0S0G0	Yes
GRIA2_IQFGGANVSGFQIVDYDDSLVSK-N2H6F0S0G0	Yes
GRIA2_IQFGGANVSGFQIVDYDDSLVSK-N2H7F0S0G0	Yes
GRIA2_IQFGGANVSGFQIVDYDDSLVSK-N2H8F0S0G0	Yes
GRIA2_RINYTINIMELK-N2H6F0S0G0	Yes
GRIA4_FIHGGANVTGFQLVDFNTPMVIK-N2H6F0S0G0	Yes
GRIA4_FIHGGANVTGFQLVDFNTPMVIK-N2H9F0S0G0	Yes
GRIK3_NCNLTQIGGLIDSK-N2H7F0S0G0	Yes
GRIK3_NCNLTQIGGLIDSK-N2H8F0S0G0	Yes
GRIK3_NCNLTQIGGLIDSK-N2H9F0S0G0	Yes
GRIK3_YSGVNLTGFR-N2H8F0S0G0	Yes
GRIN1_FANYSIMNLQNR-N2H7F0S0G0	Yes
GRIN1_FANYSIMNLQNR-N2H8F0S0G0	Yes
GRIN1_NVTALLMEAK-N2H5F0S0G0	Yes
GRIN1_QNVSLSILK-N2H8F0S0G0	Yes
GRIN1_VICTGPNDTSPGSPR-N2H5F0S0G0	Yes
GRIN2B_FGTVPNGSTER-N2H8F0S0G0	Yes
GRIN2B_YLINVTFEGR-N2H5F0S0G0	Yes
GRIN2B_YLINVTFEGR-N2H6F0S0G0	Yes
HEPACAM_DGKPLLNDSR-N3H3F1S0G0	Yes
HEPACAM_DGKPLLNDSR-N3H4F2S0G0	Yes
HEPACAM_DGKPLLNDSR-N3H5F1S0G0	Yes
HEPACAM_DGKPLLNDSR-N3H5F1S1G0	Yes
HEPACAM_DGKPLLNDSR-N3H5F2S0G0	Yes
HEPACAM_DGKPLLNDSR-N4H4F2S0G0	Yes
HGSNAT_FGEFGNYSLLVK-N2H5F0S0G0	Yes
HGSNAT_FGEFGNYSLLVK-N2H6F0S0G0	Yes
HGSNAT_FGEFGNYSLLVK-N2H7F0S0G0	Yes
HGSNAT_FGEFGNYSLLVK-N2H8F0S0G0	Yes
HGSNAT_FGEFGNYSLLVK-N3H6F0S0G0	Yes
HLA-DPB1_QECYAFNGTQR-N2H6F0S0G0	Yes
HLA-DPB1_QECYAFNGTQR-N2H8F0S0G0	Yes
HLA-DRA_FTPPVVNVTWLR-N2H5F0S0G0	Yes
HLA-DRA_FTPPVVNVTWLR-N2H6F0S0G0	Yes
HLA-DRA_FTPPVVNVTWLR-N2H7F0S0G0	Yes
HLA-DRA_FTPPVVNVTWLR-N2H8F0S0G0	Yes
HS2ST1_YHVLHINTTK-N4H5F1S0G0	Yes
HSD11B1_QSNGSIVVVSSLAGK-N2H8F0S0G0	Yes
HSPG2_ALVNFTR-N4H5F0S0G0	Yes
HSPG2_IQGEEIVFHDLNLTAHGISHCPTCR-N4H5F1S0G0	Yes
HSPG2_IQGEEIVFHDLNLTAHGISHCPTCR-N4H5F1S1G0	Yes
HSPG2_IQGEEIVFHDLNLTAHGISHCPTCR-N4H5F2S1G0	Yes
HSPG2_IQGEEIVFHDLNLTAHGISHCPTCR-N4H6F0S0G0	Yes
HSPG2_IQGEEIVFHDLNLTAHGISHCPTCR-N4H6F0S1G0	Yes
HSPG2_NLHQSNTSR-N2H5F0S0G0	Yes
HSPG2_NLHQSNTSR-N3H4F1S0G0	Yes
HSPG2_NLHQSNTSR-N4H4F0S0G0	Yes
HSPG2_NLHQSNTSR-N4H4F1S0G0	Yes
HSPG2_NLHQSNTSR-N4H5F0S0G0	Yes
HSPG2_NLHQSNTSR-N4H5F1S0G0	Yes
HSPG2_NLHQSNTSR-N4H5F1S1G0	Yes
HSPG2_SLTQGSLIVGDLAPVNGTSQGK-N3H3F1S0G0	Yes
HSPG2_SLTQGSLIVGDLAPVNGTSQGK-N3H4F1S0G0	Yes
HSPG2_SLTQGSLIVGDLAPVNGTSQGK-N3H4F1S1G0	Yes
HSPG2_SLTQGSLIVGDLAPVNGTSQGK-N3H5F1S0G0	Yes
HSPG2_SLTQGSLIVGDLAPVNGTSQGK-N3H5F1S1G0	Yes
HSPG2_SLTQGSLIVGDLAPVNGTSQGK-N3H6F1S0G0	Yes
HSPG2_SLTQGSLIVGDLAPVNGTSQGK-N3H6F1S1G0	Yes
HSPG2_SLTQGSLIVGDLAPVNGTSQGK-N4H4F1S0G0	Yes
HSPG2_SLTQGSLIVGDLAPVNGTSQGK-N4H4F1S1G0	Yes
HSPG2_SLTQGSLIVGDLAPVNGTSQGK-N4H5F0S1G0	Yes
HSPG2_SLTQGSLIVGDLAPVNGTSQGK-N4H5F1S0G0	Yes
HSPG2_SLTQGSLIVGDLAPVNGTSQGK-N4H5F1S1G0	Yes
HSPG2_SLTQGSLIVGDLAPVNGTSQGK-N4H5F2S0G0	Yes
HSPG2_SLTQGSLIVGDLAPVNGTSQGK-N4H5F2S1G0	Yes
HSPG2_SLTQGSLIVGDLAPVNGTSQGK-N5H3F1S0G0	Yes
ICAM5_AELDLRPHGLGLFENSSAPR-N2H5F0S0G0	Yes
ICAM5_QLVCNVTLGGENR-N4H4F0S0G0	Yes
ICAM5_QLVCNVTLGGENR-N4H5F0S0G0	Yes
ICAM5_QLVCNVTLGGENR-N5H3F0S0G0	Yes
ICAM5_QLVCNVTLGGENR-N5H4F0S0G0	Yes
ICAM5_QLVCNVTLGGENR-N6H3F0S0G0	Yes
ICAM5_VLAPGIYVCNATNR-N4H3F1S0G0	Yes
ICAM5_VLAPGIYVCNATNR-N5H3F1S0G0	Yes
ICAM5_VLAPGIYVCNATNR-N5H4F2S0G0	Yes
IGF2R_MNFTGGDTCHK-N2H7F0S0G0	Yes
IGF2R_MNFTGGDTCHK-N2H8F0S0G0	Yes
IGF2R_NGSSIVDLSPLIHR-N2H5F0S0G0	Yes
IGF2R_SLLEFNTTVSCDQQGTNHR-N2H3F1S0G0	Yes
IGF2R_TNITLVCKPGDLESAPVLR-N2H5F0S0G0	Yes
IGF2R_TNITLVCKPGDLESAPVLR-N2H6F0S0G0	Yes
IGF2R_TNITLVCKPGDLESAPVLR-N2H7F0S0G0	Yes
IGF2R_TNITLVCKPGDLESAPVLR-N2H8F0S0G0	Yes
IGF2R_YHNQTLR-N2H5F0S0G0	Yes
IGF2R_YHNQTLR-N2H6F0S0G0	Yes
IGHA2_LSLHRPALEDLLLGSEANLTCTLTGLR-N4H5F0S1G0	Yes
IGHA2_LSLHRPALEDLLLGSEANLTCTLTGLR-N5H4F0S1G0	Yes
IGHA2_LSLHRPALEDLLLGSEANLTCTLTGLR-N5H5F0S1G0	Yes
IGHA2_TPLTANITK-N3H4F1S0G0	Yes
IGHA2_TPLTANITK-N3H4F1S1G0	Yes
IGHA2_TPLTANITK-N4H4F1S0G0	Yes
IGHA2_TPLTANITK-N4H4F1S1G0	Yes
IGHA2_TPLTANITK-N4H5F0S1G0	Yes
IGHA2_TPLTANITK-N4H5F1S0G0	Yes
IGHA2_TPLTANITK-N4H5F1S1G0	Yes
IGHA2_TPLTANITK-N4H5F1S2G0	Yes
IGHA2_TPLTANITK-N5H3F1S0G0	Yes
IGHA2_TPLTANITK-N5H4F1S0G0	Yes
IGHA2_TPLTANITK-N5H4F1S1G0	Yes
IGHA2_TPLTANITK-N5H5F0S0G0	Yes
IGHA2_TPLTANITK-N5H5F0S1G0	Yes
IGHA2_TPLTANITK-N5H5F1S0G0	Yes
IGHA2_TPLTANITK-N5H5F1S1G0	Yes
IGHA2_TPLTANITK-N5H5F1S2G0	Yes
IGHA2_TPLTANITK-N5H6F1S1G0	Yes
IGHG1_EEQYNSTYR-N2H3F1S0G0	Yes
IGHG1_EEQYNSTYR-N3H3F0S0G0	Yes
IGHG1_EEQYNSTYR-N3H3F1S0G0	Yes
IGHG1_EEQYNSTYR-N3H4F1S0G0	Yes
IGHG1_EEQYNSTYR-N4H3F0S0G0	Yes
IGHG1_EEQYNSTYR-N4H3F1S0G0	Yes
IGHG1_EEQYNSTYR-N4H4F0S0G0	Yes
IGHG1_EEQYNSTYR-N4H4F1S0G0	Yes
IGHG1_EEQYNSTYR-N4H5F0S0G0	Yes
IGHG1_EEQYNSTYR-N4H5F1S0G0	Yes
IGHG1_EEQYNSTYR-N5H3F1S0G0	Yes
IGHG1_EEQYNSTYR-N5H4F1S0G0	Yes
IGHG1_TKPREEQYNSTYR-N3H3F1S0G0	Yes
IGHG1_TKPREEQYNSTYR-N3H4F1S0G0	Yes
IGHG1_TKPREEQYNSTYR-N4H3F0S0G0	Yes
IGHG1_TKPREEQYNSTYR-N4H3F1S0G0	Yes
IGHG1_TKPREEQYNSTYR-N4H4F0S0G0	Yes
IGHG1_TKPREEQYNSTYR-N4H4F1S0G0	Yes
IGHG1_TKPREEQYNSTYR-N4H4F1S1G0	Yes
IGHG1_TKPREEQYNSTYR-N4H5F1S0G0	Yes
IGHG1_TKPREEQYNSTYR-N5H3F1S0G0	Yes
IGHG1_TKPREEQYNSTYR-N5H4F1S0G0	Yes
IGHG2_EEQFNSTFR-N3H3F1S0G0	Yes
IGHG2_EEQFNSTFR-N3H4F1S0G0	Yes
IGHG2_EEQFNSTFR-N3H4F1S1G0	Yes
IGHG2_EEQFNSTFR-N4H3F0S0G0	Yes
IGHG2_EEQFNSTFR-N4H3F1S0G0	Yes
IGHG2_EEQFNSTFR-N4H4F0S0G0	Yes
IGHG2_EEQFNSTFR-N4H4F1S0G0	Yes
IGHG2_EEQFNSTFR-N4H4F1S1G0	Yes
IGHG2_EEQFNSTFR-N4H5F0S0G0	Yes
IGHG2_EEQFNSTFR-N4H5F1S0G0	Yes
IGHG2_EEQFNSTFR-N4H5F1S1G0	Yes
IGHG2_EEQFNSTFR-N5H3F1S0G0	Yes
IGHG2_EEQFNSTFR-N5H4F1S0G0	Yes
IGHG2_EEQFNSTFR-N5H5F1S0G0	Yes
IGHG2_TKPREEQFNSTFR-N3H3F1S0G0	Yes
IGHG2_TKPREEQFNSTFR-N3H4F1S0G0	Yes
IGHG2_TKPREEQFNSTFR-N3H4F1S1G0	Yes
IGHG2_TKPREEQFNSTFR-N4H3F0S0G0	Yes
IGHG2_TKPREEQFNSTFR-N4H3F1S0G0	Yes
IGHG2_TKPREEQFNSTFR-N4H4F1S0G0	Yes
IGHG2_TKPREEQFNSTFR-N4H4F1S1G0	Yes
IGHG2_TKPREEQFNSTFR-N4H5F1S0G0	Yes
IGHG2_TKPREEQFNSTFR-N4H5F1S1G0	Yes
IGHG2_TKPREEQFNSTFR-N5H3F1S0G0	Yes
IGHG2_TKPREEQFNSTFR-N5H4F1S0G0	Yes
IGHG2_TKPREEQFNSTFR-N5H5F1S0G0	Yes
IGHG3_TKPREEQYNSTFR-N4H3F1S0G0	Yes
IGHG3_TKPREEQYNSTFR-N4H4F1S0G0	Yes
IGHG4_EEQFNSTYR-N4H5F1S0G0	Yes
IGHG4_TKPREEQFNSTYR-N3H3F0S0G0	Yes
IGHG4_TKPREEQFNSTYR-N4H3F1S0G0	Yes
IGHG4_TKPREEQFNSTYR-N5H3F1S0G0	Yes
IGHM_GLTFQQNASSMCVPDQDTAIR-N3H4F2S2G0	Yes
IGHM_GLTFQQNASSMCVPDQDTAIR-N3H5F2S2G0	Yes
IGHM_GLTFQQNASSMCVPDQDTAIR-N4H5F0S1G0	Yes
IGHM_GLTFQQNASSMCVPDQDTAIR-N4H5F1S0G0	Yes
IGHM_GLTFQQNASSMCVPDQDTAIR-N4H5F1S1G0	Yes
IGHM_GLTFQQNASSMCVPDQDTAIR-N4H5F1S2G0	Yes
IGHM_GLTFQQNASSMCVPDQDTAIR-N4H5F3S1G0	Yes
IGHM_GLTFQQNASSMCVPDQDTAIR-N4H6F0S1G0	Yes
IGHM_GLTFQQNASSMCVPDQDTAIR-N5H4F1S1G0	Yes
IGHM_GLTFQQNASSMCVPDQDTAIR-N5H5F0S1G0	Yes
IGHM_GLTFQQNASSMCVPDQDTAIR-N5H5F1S0G0	Yes
IGHM_GLTFQQNASSMCVPDQDTAIR-N5H5F1S1G0	Yes
IGHM_GLTFQQNASSMCVPDQDTAIR-N5H5F1S2G0	Yes
IGHM_GLTFQQNASSMCVPDQDTAIR-N5H6F0S1G0	Yes
IGHM_NNSDISSTR-N2H5F0S0G0	Yes
IGHM_NNSDISSTR-N3H4F1S1G0	Yes
IGSF21_VPAELNGSMYR-N2H5F0S0G0	Yes
IGSF3_QVQLECVVLNR-N2H5F0S0G0	Yes
IGSF8_GETASLLCNISVR-N4H3F1S0G0	Yes
IGSF8_GETASLLCNISVR-N5H3F1S0G0	Yes
IGSF8_IGPGEPLELLCNVSGALPPAGR-N2H5F0S0G0	Yes
IGSF8_IGPGEPLELLCNVSGALPPAGR-N4H5F0S0G0	Yes
IGSF8_IGPGEPLELLCNVSGALPPAGR-N4H5F1S0G0	Yes
IGSF8_IGPGEPLELLCNVSGALPPAGR-N5H3F1S0G0	Yes
IKBIP_FQNITDFWK-N2H5F0S0G0	Yes
IKBIP_FQNITDFWK-N2H6F0S0G0	Yes
IKBIP_ISNLTIVQAEIK-N2H6F0S0G0	Yes
IKBIP_QDILNNSLTTLSQDITK-N2H6F0S0G0	Yes
IL6ST_EQYTIINR-N2H5F0S0G0	Yes
IL6ST_ETHLETNFTLK-N2H5F0S0G0	Yes
INSR_CVNFSFCQDLHHK-N2H5F0S0G0	Yes
ITGA1_NTTFNVESTK-N2H5F0S0G0	Yes
ITGA1_NTTFNVESTK-N2H6F0S0G0	Yes
ITGA1_NTTFNVESTK-N2H7F0S0G0	Yes
ITGA1_NTTFNVESTK-N2H8F0S0G0	Yes
ITGA1_SENASLVLSSSNQK-N2H5F0S0G0	Yes
ITGA1_SENASLVLSSSNQK-N2H7F0S0G0	Yes
ITGA1_SENASLVLSSSNQK-N2H8F0S0G0	Yes
ITGA1_SQNDKFNVSLTVK-N2H5F0S0G0	Yes
ITGA1_SQNDKFNVSLTVK-N2H6F0S0G0	Yes
ITGA1_SYFSSLNLTIR-N2H8F0S0G0	Yes
ITGA1_VYVYALNQTR-N4H4F1S0G0	Yes
ITGA1_VYVYALNQTR-N4H5F1S0G0	Yes
ITGA1_VYVYALNQTR-N5H4F1S0G0	Yes
ITGA1_YNHTGQVIIYR-N2H7F0S0G0	Yes
ITGA1_YNHTGQVIIYR-N2H8F0S0G0	Yes
ITGA1_YNHTGQVIIYR-N2H9F0S0G0	Yes
ITGA2_GEYFVNVTTR-N2H5F0S0G0	Yes
ITGA2_GEYFVNVTTR-N2H6F0S0G0	Yes
ITGA2_GEYFVNVTTR-N2H7F0S0G0	Yes
ITGA2_LNLQTSTSIPNVTEMK-N4H5F1S1G0	Yes
ITGA2_TNMSLGLILTR-N2H8F0S0G0	Yes
ITGA2_YFFNVSDEAALLEK-N2H5F0S0G0	Yes
ITGA2_YFFNVSDEAALLEK-N5H3F0S0G0	Yes
ITGA3_ELAVPDGYTNR-N2H8F0S0G0	Yes
ITGA3_KLLLSINVTNTR-N2H5F0S0G0	Yes
ITGA3_LLLSINVTNTR-N2H4F0S0G0	Yes
ITGA3_LLLSINVTNTR-N2H5F0S0G0	Yes
ITGA3_LLLSINVTNTR-N2H6F0S0G0	Yes
ITGA3_NITIVTGAPR-N2H4F0S0G0	Yes
ITGA3_NITIVTGAPR-N2H5F0S0G0	Yes
ITGA3_SLDAYPILNQAQALENHTEVQFQK-N2H6F0S0G0	Yes
ITGA3_SLDAYPILNQAQALENHTEVQFQK-N2H7F0S0G0	Yes
ITGA3_SLDAYPILNQAQALENHTEVQFQK-N2H8F0S0G0	Yes
ITGA3_TSIPTINMENK-N2H5F0S0G0	Yes
ITGA3_VWNSTFIEDYRDFDR-N2H8F0S0G0	Yes
ITGA6_ANHSGAVVLLK-N2H4F0S0G0	Yes
ITGA6_ANHSGAVVLLK-N2H5F0S0G0	Yes
ITGA6_ANHSGAVVLLK-N2H6F0S0G0	Yes
ITGA6_ANHSGAVVLLK-N2H7F0S0G0	Yes
ITGA6_ANHSGAVVLLK-N2H8F0S0G0	Yes
ITGA6_LWNSTFLEEYSK-N4H3F0S2G0	Yes
ITGA6_QLSCVANQNGSQADCELGNPFK-N4H5F1S1G0	Yes
ITGA6_YQTLNCSVNVNCVNIR-N2H5F0S0G0	Yes
ITGA6_YQTLNCSVNVNCVNIR-N2H6F0S0G0	Yes
ITGA6_YQTLNCSVNVNCVNIR-N2H7F0S0G0	Yes
ITGA7_LWNSTFLEEYSAVK-N2H8F0S0G0	Yes
ITGAL_ALSCNVSSPIFK-N2H6F0S0G0	Yes
ITGAL_ALSCNVSSPIFK-N2H7F0S0G0	Yes
ITGAM_APVVNCSIAVCQR-N2H8F0S0G0	Yes
ITGAM_ELFNITNGAR-N4H5F0S1G0	Yes
ITGAM_ELFNITNGAR-N4H5F0S2G0	Yes
ITGAV_ANTTQPGIVEGGQVLK-N2H3F0S0G0	Yes
ITGAV_ANTTQPGIVEGGQVLK-N2H4F0S0G0	Yes
ITGAV_ANTTQPGIVEGGQVLK-N2H5F0S0G0	Yes
ITGAV_ANTTQPGIVEGGQVLK-N2H6F0S0G0	Yes
ITGAV_ANTTQPGIVEGGQVLK-N2H7F0S0G0	Yes
ITGAV_ANTTQPGIVEGGQVLK-N2H8F0S0G0	Yes
ITGAV_ANTTQPGIVEGGQVLK-N3H3F1S0G0	Yes
ITGAV_ANTTQPGIVEGGQVLK-N3H4F1S0G0	Yes
ITGAV_ANTTQPGIVEGGQVLK-N3H5F0S0G0	Yes
ITGAV_ANTTQPGIVEGGQVLK-N3H5F1S0G0	Yes
ITGAV_ANTTQPGIVEGGQVLK-N3H5F1S1G0	Yes
ITGAV_ANTTQPGIVEGGQVLK-N3H5F2S0G0	Yes
ITGAV_ANTTQPGIVEGGQVLK-N4H4F1S0G0	Yes
ITGAV_ANTTQPGIVEGGQVLK-N4H5F0S0G0	Yes
ITGAV_ANTTQPGIVEGGQVLK-N4H5F1S0G0	Yes
ITGAV_ANTTQPGIVEGGQVLK-N4H5F1S1G0	Yes
ITGAV_ANTTQPGIVEGGQVLK-N5H3F1S0G0	Yes
ITGAV_ARPVITVNAGLEVYPSILNQDNK-N2H5F0S0G0	Yes
ITGAV_ENQNHSYSLK-N2H4F0S0G0	Yes
ITGAV_ENQNHSYSLK-N2H5F0S0G0	Yes
ITGAV_ENQNHSYSLK-N2H6F0S0G0	Yes
ITGAV_ENQNHSYSLK-N2H7F0S0G0	Yes
ITGAV_ENQNHSYSLK-N2H8F0S0G0	Yes
ITGAV_ENQNHSYSLK-N2H9F0S0G0	Yes
ITGAV_ENQNHSYSLK-N3H6F0S0G0	Yes
ITGAV_TAADTTGLQPILNQFTPANISR-N2H7F0S0G0	Yes
ITGAV_TAADTTGLQPILNQFTPANISR-N2H8F0S0G0	Yes
ITGAV_TAADTTGLQPILNQFTPANISR-N2H9F0S0G0	Yes
ITGAX_LLLTANVSSENNTPR-N5H6F0S2G0	Yes
ITGAX_LNFTLVGKPLLAFR-N2H8F0S0G0	Yes
ITGB1_KDTCTQECSYFNITK-N2H6F0S0G0	Yes
ITGB1_KDTCTQECSYFNITK-N4H5F1S1G0	Yes
ITGB1_KDTCTQECSYFNITK-N4H5F3S0G0	Yes
ITGB1_LRNPCTSEQNCTSPFSYK-N2H5F0S0G0	Yes
ITGB1_LRNPCTSEQNCTSPFSYK-N2H7F0S0G0	Yes
ITGB1_LRNPCTSEQNCTSPFSYK-N4H5F1S1G0	Yes
ITGB1_LRNPCTSEQNCTSPFSYK-N4H5F4S2G0	Yes
ITGB1_LRNPCTSEQNCTSPFSYK-N5H3F1S0G0	Yes
ITGB1_NGVNGTGENGR-N2H5F0S0G0	Yes
ITGB1_NGVNGTGENGRK-N2H5F0S0G0	Yes
ITGB1_NPCTSEQNCTSPFSYK-N2H5F0S0G0	Yes
ITGB2_LNFTGPGDPDSIR-N2H8F0S0G0	Yes
ITGB2_LTNNSNQFQTEVGK-N2H7F0S0G0	Yes
ITGB2_LTNNSNQFQTEVGK-N2H8F0S0G0	Yes
ITGB2_LTNNSNQFQTEVGK-N4H5F4S2G0	Yes
ITGB2_NCSAACPGLQLSNNPVK-N2H5F0S0G0	Yes
ITGB2_NCSAACPGLQLSNNPVK-N2H6F0S0G0	Yes
ITGB2_NCSAACPGLQLSNNPVK-N2H7F0S0G0	Yes
ITGB2_NCSAACPGLQLSNNPVK-N2H8F0S0G0	Yes
ITGB2_NCSAACPGLQLSNNPVK-N3H5F0S1G0	Yes
ITGB2_NCSAACPGLQLSNNPVK-N3H6F0S0G0	Yes
ITGB2_NCSAACPGLQLSNNPVK-N3H6F0S1G0	Yes
ITGB3_DAVNCTYK-N2H5F0S0G0	Yes
ITGB3_DAVNCTYK-N2H8F0S0G0	Yes
ITGB3_NFSIQVR-N2H5F0S0G0	Yes
ITGB8_NYAIIKPIGFNETAK-N2H6F0S0G0	Yes
ITGB8_NYAIIKPIGFNETAK-N2H7F0S0G0	Yes
ITGB8_NYAIIKPIGFNETAK-N2H8F0S0G0	Yes
ITGB8_VQVENQVQGIYFNITAICPDGSR-N2H4F0S0G0	Yes
ITGB8_VQVENQVQGIYFNITAICPDGSR-N2H5F0S0G0	Yes
ITGB8_VQVENQVQGIYFNITAICPDGSR-N2H6F0S0G0	Yes
ITGB8_VQVENQVQGIYFNITAICPDGSR-N2H7F0S0G0	Yes
ITM2B_CYVIPLNTSIVMPPR-N2H5F0S0G0	Yes
ITPR1_VESGENCSSPAPR-N2H5F0S0G0	Yes
ITPR1_VESGENCSSPAPR-N2H6F0S0G0	Yes
JAM2_LGSQSTNSSYTMNTK-N2H5F0S0G0	Yes
JAM2_LGSQSTNSSYTMNTK-N3H5F1S1G0	Yes
JAM2_LGSQSTNSSYTMNTK-N3H5F2S0G0	Yes
JAM2_LGSQSTNSSYTMNTK-N4H5F1S2G0	Yes
JAM2_LGSQSTNSSYTMNTK-N4H5F2S1G0	Yes
L1CAM_FFPYANGTLGIR-N2H5F0S0G0	Yes
L1CAM_GYNVTYWR-N2H4F0S0G0	Yes
L1CAM_GYNVTYWR-N2H5F0S0G0	Yes
L1CAM_THNLTDLSPHLR-N2H5F0S0G0	Yes
L1CAM_THNLTDLSPHLR-N4H4F1S0G0	Yes
L1CAM_THNLTDLSPHLR-N4H5F0S0G0	Yes
L1CAM_THNLTDLSPHLR-N4H5F1S0G0	Yes
L1CAM_THNLTDLSPHLR-N4H5F2S0G0	Yes
L1CAM_THNLTDLSPHLR-N5H3F1S0G0	Yes
L1CAM_VPGNQTSTTLK-N2H5F0S0G0	Yes
L1CAM_VPGNQTSTTLK-N4H3F1S0G0	Yes
L1CAM_VPGNQTSTTLK-N4H4F1S0G0	Yes
L1CAM_VPGNQTSTTLK-N4H5F1S0G0	Yes
L1CAM_VPGNQTSTTLK-N5H3F1S0G0	Yes
L1CAM_VTMGQNGNLYFANVLTSDNHSDYICHAHFPGTR-N5H3F1S0G0	Yes
L1CAM_VTYQNHNK-N2H5F0S0G0	Yes
L1CAM_VTYQNHNK-N4H3F1S0G0	Yes
L1CAM_VTYQNHNK-N5H3F0S0G0	Yes
L1CAM_VTYQNHNK-N5H3F1S0G0	Yes
L1CAM_VTYQNHNK-N5H4F1S0G0	Yes
LAMA1_YNNGTWYK-N2H7F0S0G0	Yes
LAMA1_YNNGTWYK-N2H8F0S0G0	Yes
LAMA2_LSAIPNDTAAK-N4H3F1S0G0	Yes
LAMA2_LSAIPNDTAAK-N4H4F1S0G0	Yes
LAMA2_LSAIPNDTAAK-N4H5F1S0G0	Yes
LAMA2_LSAIPNDTAAK-N4H5F1S1G0	Yes
LAMA2_NMTALEK-N2H5F0S0G0	Yes
LAMA2_QEGILYVDGASNR-N2H5F0S0G0	Yes
LAMA4_HVNEINATIYLLK-N4H3F1S0G0	Yes
LAMA4_HVNEINATIYLLK-N4H4F1S0G0	Yes
LAMA4_HVNEINATIYLLK-N4H5F1S0G0	Yes
LAMA4_HVNEINATIYLLK-N4H5F1S1G0	Yes
LAMA4_HVNEINATIYLLK-N4H5F1S2G0	Yes
LAMA4_HVNEINATIYLLK-N5H3F1S0G0	Yes
LAMA4_HVNEINATIYLLK-N5H4F1S0G0	Yes
LAMA4_LITEEANR-N4H5F1S1G0	Yes
LAMA4_NASGIYAEIDGAK-N2H5F0S0G0	Yes
LAMA4_NASGIYAEIDGAK-N3H4F0S0G0	Yes
LAMA4_NASGIYAEIDGAK-N3H6F0S0G0	Yes
LAMA4_NASGIYAEIDGAK-N4H5F0S0G0	Yes
LAMA4_NLTEVVPQLLDQLR-N4H5F1S0G0	Yes
LAMA4_NTTGEHCEK-N4H5F0S0G0	Yes
LAMA4_NTTGEHCEK-N4H5F0S1G0	Yes
LAMA5_LNTTGVSAGCTADLLVGR-N2H5F0S0G0	Yes
LAMA5_LVGGPVAGGDPNQTIR-N2H5F0S0G0	Yes
LAMA5_LVGGPVAGGDPNQTIR-N2H8F0S0G0	Yes
LAMA5_RLNTTGVSAGCTADLLVGR-N2H5F0S0G0	Yes
LAMA5_VWQGHANASFCPHGYGCR-N2H9F0S0G0	Yes
LAMB1_LSDTTSQSNSTAK-N2H5F0S0G0	Yes
LAMB1_LSDTTSQSNSTAK-N2H6F0S0G0	Yes
LAMB1_LSDTTSQSNSTAK-N2H8F0S0G0	Yes
LAMB1_LSDTTSQSNSTAK-N4H5F1S0G0	Yes
LAMB1_LSDTTSQSNSTAK-N4H5F1S1G0	Yes
LAMB2_ANTSALAVPSPVSNSASAR-N2H5F0S0G0	Yes
LAMB2_LALNLTLR-N2H5F0S0G0	Yes
LAMC1_IPAINQTITEANEK-N5H3F1S0G0	Yes
LAMC1_KIPAINQTITEANEK-N4H3F1S0G0	Yes
LAMC1_KIPAINQTITEANEK-N4H4F1S0G0	Yes
LAMC1_KIPAINQTITEANEK-N4H5F1S0G0	Yes
LAMC1_KIPAINQTITEANEK-N5H3F1S0G0	Yes
LAMC1_KIPAINQTITEANEK-N5H4F1S0G0	Yes
LAMC1_KYEQAKNISQDLEK-N4H5F1S0G0	Yes
LAMC1_LLNNLTSIK-N2H4F0S0G0	Yes
LAMC1_LLNNLTSIK-N2H5F0S0G0	Yes
LAMC1_LLNNLTSIK-N2H6F0S0G0	Yes
LAMC1_LLNNLTSIK-N2H7F0S0G0	Yes
LAMC1_LLNNLTSIK-N2H8F0S0G0	Yes
LAMC1_LLNNLTSIK-N2H9F0S0G0	Yes
LAMC1_LLNNLTSIK-N4H3F0S2G0	Yes
LAMC1_NISQDLEK-N2H6F0S0G0	Yes
LAMC1_NISQDLEK-N2H8F0S0G0	Yes
LAMC1_NISQDLEK-N4H3F1S0G0	Yes
LAMC1_NISQDLEK-N4H4F1S0G0	Yes
LAMC1_NISQDLEK-N4H5F1S0G0	Yes
LAMC1_NISQDLEK-N4H5F1S1G0	Yes
LAMC1_NISQDLEK-N5H3F1S0G0	Yes
LAMC1_NISQDLEK-N5H4F1S0G0	Yes
LAMC1_QVLSYGQNLSFSFR-N2H5F0S0G0	Yes
LAMC1_QVLSYGQNLSFSFR-N2H6F0S0G0	Yes
LAMC1_QVLSYGQNLSFSFR-N2H9F0S0G0	Yes
LAMC1_QVLSYGQNLSFSFR-N3H3F0S0G0	Yes
LAMC1_QVLSYGQNLSFSFR-N3H4F0S0G0	Yes
LAMC1_QVLSYGQNLSFSFR-N3H6F0S0G0	Yes
LAMC1_QVLSYGQNLSFSFR-N4H5F0S0G0	Yes
LAMC1_TANDTSTEAYNLLLR-N2H4F0S0G0	Yes
LAMC1_TANDTSTEAYNLLLR-N2H5F0S0G0	Yes
LAMC1_TANDTSTEAYNLLLR-N2H6F0S0G0	Yes
LAMC1_TANDTSTEAYNLLLR-N2H7F0S0G0	Yes
LAMC1_TANDTSTEAYNLLLR-N2H8F0S0G0	Yes
LAMC1_TANDTSTEAYNLLLR-N3H4F0S0G0	Yes
LAMC1_TANDTSTEAYNLLLR-N3H5F0S0G0	Yes
LAMC1_TANDTSTEAYNLLLR-N3H6F0S0G0	Yes
LAMC1_TLAGENQTAFEIEELNR-N2H5F0S0G0	Yes
LAMC1_TLAGENQTAFEIEELNR-N2H6F0S0G0	Yes
LAMC1_TLAGENQTAFEIEELNR-N2H8F0S0G0	Yes
LAMC1_TLAGENQTAFEIEELNR-N3H3F1S0G0	Yes
LAMC1_TLAGENQTAFEIEELNR-N3H4F1S0G0	Yes
LAMC1_TLAGENQTAFEIEELNR-N4H3F1S0G0	Yes
LAMC1_TLAGENQTAFEIEELNR-N4H5F1S0G0	Yes
LAMC1_TLAGENQTAFEIEELNR-N5H3F1S0G0	Yes
LAMC1_TLAGENQTAFEIEELNR-N5H6F1S1G0	Yes
LAMC1_VNDNKTAAEEALR-N4H5F1S0G0	Yes
LAMC1_VNNTLSSQISR-N2H5F0S0G0	Yes
LAMC1_VNNTLSSQISR-N2H8F0S0G0	Yes
LAMC1_VNNTLSSQISR-N3H4F0S0G0	Yes
LAMC1_VNNTLSSQISR-N4H4F0S0G0	Yes
LAMC1_VNNTLSSQISR-N4H5F0S0G0	Yes
LAMP1_AANGSLR-N2H3F0S0G0	Yes
LAMP1_AANGSLR-N2H4F0S0G0	Yes
LAMP1_AANGSLR-N2H5F0S0G0	Yes
LAMP1_AANGSLR-N2H6F0S0G0	Yes
LAMP1_AANGSLR-N2H7F0S0G0	Yes
LAMP1_AANGSLR-N2H8F0S0G0	Yes
LAMP1_DNTTVTR-N2H3F1S0G0	Yes
LAMP1_ENTSDPSLVIAFGR-N2H3F1S0G0	Yes
LAMP1_GHTLTLNFTR-N2H3F0S0G0	Yes
LAMP1_GHTLTLNFTR-N2H4F0S0G0	Yes
LAMP1_GHTLTLNFTR-N2H5F0S0G0	Yes
LAMP1_GHTLTLNFTR-N2H6F0S0G0	Yes
LAMP1_GHTLTLNFTR-N2H7F0S0G0	Yes
LAMP1_GHTLTLNFTR-N2H8F0S0G0	Yes
LAMP1_GHTLTLNFTR-N2H9F0S0G0	Yes
LAMP1_GHTLTLNFTR-N3H4F0S1G0	Yes
LAMP1_GHTLTLNFTR-N3H5F0S0G0	Yes
LAMP1_GHTLTLNFTR-N3H5F0S1G0	Yes
LAMP1_GHTLTLNFTR-N3H6F0S0G0	Yes
LAMP1_GHTLTLNFTR-N3H6F0S1G0	Yes
LAMP1_GHTLTLNFTR-N3H6F1S0G0	Yes
LAMP1_GHTLTLNFTR-N4H5F0S1G0	Yes
LAMP1_GHTLTLNFTR-N4H6F0S0G0	Yes
LAMP1_GHTLTLNFTR-N4H6F0S1G0	Yes
LAMP1_GHTLTLNFTR-N4H7F0S0G0	Yes
LAMP1_KDNTTVTR-N2H3F1S0G0	Yes
LAMP1_KDNTTVTR-N3H4F1S0G0	Yes
LAMP1_KDNTTVTR-N3H4F1S1G0	Yes
LAMP1_LLNINPNK-N2H3F1S0G0	Yes
LAMP1_LLNINPNK-N2H4F0S0G0	Yes
LAMP1_LLNINPNK-N2H4F1S0G0	Yes
LAMP1_LLNINPNK-N2H5F0S0G0	Yes
LAMP1_LLNINPNK-N2H5F1S0G0	Yes
LAMP1_LLNINPNK-N2H6F0S0G0	Yes
LAMP1_LLNINPNK-N2H7F0S0G0	Yes
LAMP1_LLNINPNK-N2H8F0S0G0	Yes
LAMP1_LLNINPNK-N3H4F1S0G0	Yes
LAMP1_LLNINPNK-N3H4F2S0G0	Yes
LAMP1_LLNINPNK-N3H5F0S0G0	Yes
LAMP1_LLNINPNK-N3H5F1S0G0	Yes
LAMP1_LLNINPNK-N3H5F1S1G0	Yes
LAMP1_LLNINPNK-N3H5F2S0G0	Yes
LAMP1_LLNINPNK-N3H6F0S0G0	Yes
LAMP1_LLNINPNK-N3H6F0S1G0	Yes
LAMP1_LLNINPNK-N3H6F1S0G0	Yes
LAMP1_LLNINPNK-N3H6F2S0G0	Yes
LAMP1_LLNINPNK-N4H5F1S0G0	Yes
LAMP1_LLNINPNK-N4H5F4S1G0	Yes
LAMP1_SSCGKENTSDPSLVIAFGR-N2H3F1S0G0	Yes
LAMP1_SSCGKENTSDPSLVIAFGR-N3H4F1S1G0	Yes
LAMP1_SSCGKENTSDPSLVIAFGR-N4H3F1S0G0	Yes
LAMP2_LNSSTIK-N2H3F0S0G0	Yes
LAMP2_LNSSTIK-N2H3F1S0G0	Yes
LAMP2_LNSSTIK-N2H4F0S0G0	Yes
LAMP2_LNSSTIK-N2H5F0S0G0	Yes
LAMP2_LNSSTIK-N2H7F0S0G0	Yes
LAMP2_LNSSTIK-N3H3F0S0G0	Yes
LAMP2_LNSSTIK-N3H3F1S0G0	Yes
LAMP2_LNSSTIK-N3H4F0S0G0	Yes
LAMP2_LNSSTIK-N3H4F0S1G0	Yes
LAMP2_LNSSTIK-N3H4F1S0G0	Yes
LAMP2_LNSSTIK-N3H4F1S1G0	Yes
LAMP2_LNSSTIK-N4H3F0S0G0	Yes
LAMP2_LNSSTIK-N4H4F0S0G0	Yes
LAMP2_LNSSTIK-N4H4F0S1G0	Yes
LAMP2_LNSSTIK-N4H5F0S1G0	Yes
LAMP2_LNSSTIK-N5H4F0S0G0	Yes
LAMP2_LNSSTIK-N5H6F0S1G0	Yes
LAMP2_VASVININPNTTHSTGSCR-N2H3F1S0G0	Yes
LAMP2_VASVININPNTTHSTGSCR-N2H4F0S0G0	Yes
LAMP2_VASVININPNTTHSTGSCR-N2H4F1S0G0	Yes
LAMP2_VASVININPNTTHSTGSCR-N2H5F0S0G0	Yes
LAMP2_VASVININPNTTHSTGSCR-N2H5F1S0G0	Yes
LAMP2_VASVININPNTTHSTGSCR-N3H3F1S0G0	Yes
LAMP2_VASVININPNTTHSTGSCR-N3H4F1S0G0	Yes
LAMP2_VASVININPNTTHSTGSCR-N3H4F1S1G0	Yes
LAMP2_VASVININPNTTHSTGSCR-N3H4F2S0G0	Yes
LAMP2_VASVININPNTTHSTGSCR-N3H4F2S2G0	Yes
LAMP2_VASVININPNTTHSTGSCR-N3H5F0S0G0	Yes
LAMP2_VASVININPNTTHSTGSCR-N3H5F1S0G0	Yes
LAMP2_VASVININPNTTHSTGSCR-N3H5F1S1G0	Yes
LAMP2_VASVININPNTTHSTGSCR-N3H5F2S0G0	Yes
LAMP2_VASVININPNTTHSTGSCR-N4H3F1S0G0	Yes
LAMP2_VASVININPNTTHSTGSCR-N4H4F1S0G0	Yes
LAMP2_VASVININPNTTHSTGSCR-N4H4F1S1G0	Yes
LAMP2_VASVININPNTTHSTGSCR-N4H4F2S0G0	Yes
LAMP2_VASVININPNTTHSTGSCR-N4H5F1S0G0	Yes
LAMP2_VASVININPNTTHSTGSCR-N4H5F1S1G0	Yes
LAMP2_VASVININPNTTHSTGSCR-N5H3F1S0G0	Yes
LAMP2_VASVININPNTTHSTGSCR-N5H6F1S1G0	Yes
LAMP2_VQPFNVTQGK-N2H3F1S0G0	Yes
LAMP2_VQPFNVTQGK-N2H4F0S0G0	Yes
LAMP2_VQPFNVTQGK-N2H4F1S0G0	Yes
LAMP2_VQPFNVTQGK-N2H5F0S0G0	Yes
LAMP2_VQPFNVTQGK-N2H5F1S0G0	Yes
LAMP2_VQPFNVTQGK-N2H6F0S0G0	Yes
LAMP2_VQPFNVTQGK-N2H7F0S0G0	Yes
LAMP2_VQPFNVTQGK-N2H8F0S0G0	Yes
LAMP2_VQPFNVTQGK-N3H3F1S0G0	Yes
LAMP2_VQPFNVTQGK-N3H4F0S1G0	Yes
LAMP2_VQPFNVTQGK-N3H4F1S0G0	Yes
LAMP2_VQPFNVTQGK-N3H4F2S0G0	Yes
LAMP2_VQPFNVTQGK-N3H5F0S0G0	Yes
LAMP2_VQPFNVTQGK-N3H5F0S1G0	Yes
LAMP2_VQPFNVTQGK-N3H5F1S0G0	Yes
LAMP2_VQPFNVTQGK-N3H5F1S1G0	Yes
LAMP2_VQPFNVTQGK-N3H5F2S0G0	Yes
LAMP2_VQPFNVTQGK-N3H6F0S0G0	Yes
LAMP2_VQPFNVTQGK-N3H6F0S1G0	Yes
LAMP2_VQPFNVTQGK-N3H6F1S0G0	Yes
LAMP2_VQPFNVTQGK-N3H6F1S1G0	Yes
LAMP2_VQPFNVTQGK-N4H4F1S0G0	Yes
LAMP2_VQPFNVTQGK-N4H5F0S0G0	Yes
LAMP2_VQPFNVTQGK-N4H5F0S1G0	Yes
LAMP2_VQPFNVTQGK-N4H5F0S2G0	Yes
LAMP2_VQPFNVTQGK-N4H5F1S0G0	Yes
LAMP2_VQPFNVTQGK-N4H5F1S1G0	Yes
LAMP2_VQPFNVTQGK-N5H3F1S0G0	Yes
LAMP2_VQPFNVTQGK-N5H6F0S1G0	Yes
LAMP2_VQPFNVTQGK-N5H6F1S1G0	Yes
LMAN2L_VFPYISAMVNNGSLSYDHER-N4H3F1S0G0	Yes
LMAN2_VFPYISVMVNNGSLSYDHSK-N4H3F1S0G0	Yes
LMAN2_VFPYISVMVNNGSLSYDHSK-N5H3F1S0G0	Yes
LMBRD1_NQNGTFK-N2H5F0S0G0	Yes
LMBRD1_NQNGTFK-N2H7F0S0G0	Yes
LMF2_SANSTLAQALHWTR-N2H6F0S0G0	Yes
LMF2_SANSTLAQALHWTR-N2H7F0S0G0	Yes
LMF2_SANSTLAQALHWTR-N2H8F0S0G0	Yes
LNPEP_NQSIGLIQPFATNGK-N2H6F0S0G0	Yes
LNPEP_NQSIGLIQPFATNGK-N2H7F0S0G0	Yes
LNPEP_NQSIGLIQPFATNGK-N2H8F0S0G0	Yes
LRIG1_LHELVLSFNNLTR-N2H5F0S0G0	Yes
LRIG1_SLNLSYNK-N2H5F0S0G0	Yes
LRIG1_SLNLSYNK-N2H6F0S0G0	Yes
LRIG1_SLNLSYNK-N2H7F0S0G0	Yes
LRP1B_ADEFLCNNSLCK-N2H5F0S0G0	Yes
LRP1B_AFINGTGLETVISR-N2H5F0S0G0	Yes
LRP1B_AFINGTGLETVISR-N2H7F0S0G0	Yes
LRP1B_LYWISSGNGTINR-N2H5F0S0G0	Yes
LRP1B_TCLSNCTASQFR-N2H5F0S0G0	Yes
LRP1B_VGMDGTNQSVVIETK-N2H5F0S0G0	Yes
LRP1B_VGMDGTNQSVVIETK-N2H6F0S0G0	Yes
LRP1_AFINGTGVETVVSADLPNAHGLAVDWVSR-N3H3F0S0G0	Yes
LRP1_CDMDGQNR-N2H4F0S0G0	Yes
LRP1_CDMDGQNR-N2H5F0S0G0	Yes
LRP1_CNASSQFLCSSGR-N2H5F0S0G0	Yes
LRP1_CNASSQFLCSSGR-N5H3F1S0G0	Yes
LRP1_DGTCIGNSSR-N2H3F0S0G0	Yes
LRP1_DGTCIGNSSR-N2H4F0S0G0	Yes
LRP1_DGTCIGNSSR-N2H5F0S0G0	Yes
LRP1_DNTTCYEFK-N2H5F0S0G0	Yes
LRP1_DNTTCYEFKK-N2H5F0S0G0	Yes
LRP1_FGTCSQLCNNTK-N2H4F0S0G0	Yes
LRP1_FGTCSQLCNNTK-N2H5F0S0G0	Yes
LRP1_FGTCSQLCNNTK-N2H6F0S0G0	Yes
LRP1_FGTCSQLCNNTK-N2H7F0S0G0	Yes
LRP1_FGTCSQLCNNTK-N2H8F0S0G0	Yes
LRP1_FGTCSQLCNNTK-N3H4F1S0G0	Yes
LRP1_FGTCSQLCNNTK-N3H5F0S0G0	Yes
LRP1_FGTCSQLCNNTK-N3H5F1S0G0	Yes
LRP1_FGTCSQLCNNTK-N3H6F0S0G0	Yes
LRP1_FGTCSQLCNNTK-N4H4F1S0G0	Yes
LRP1_FGTCSQLCNNTK-N4H5F0S0G0	Yes
LRP1_FGTCSQLCNNTK-N4H5F1S0G0	Yes
LRP1_FNSTEYQVVTR-N2H4F0S0G0	Yes
LRP1_FNSTEYQVVTR-N2H5F0S0G0	Yes
LRP1_GVTHLNISGLK-N2H10F0S0G0	Yes
LRP1_GVTHLNISGLK-N2H5F0S0G0	Yes
LRP1_GVTHLNISGLK-N2H8F0S0G0	Yes
LRP1_GVTHLNISGLK-N4H3F1S0G0	Yes
LRP1_GVTHLNISGLK-N4H4F1S0G0	Yes
LRP1_GVTHLNISGLK-N4H5F0S0G0	Yes
LRP1_GVTHLNISGLK-N4H5F1S0G0	Yes
LRP1_GVTHLNISGLK-N4H5F1S1G0	Yes
LRP1_GVTHLNISGLK-N5H3F1S0G0	Yes
LRP1_GVTHLNISGLK-N5H4F1S0G0	Yes
LRP1_IETILLNGTDR-N2H5F0S0G0	Yes
LRP1_INNGGCQDLCLLTHQGHVNCSCR-N2H5F0S0G0	Yes
LRP1_INNGGCQDLCLLTHQGHVNCSCR-N3H3F0S0G0	Yes
LRP1_LGCQHHCVPTLDGPTCYCNSSFQLQADGK-N5H3F1S0G0	Yes
LRP1_LGCQHHCVPTLDGPTCYCNSSFQLQADGK-N5H4F0S0G0	Yes
LRP1_LNGTDPIVAADSK-N2H5F0S0G0	Yes
LRP1_LNGTDPIVAADSK-N2H6F0S0G0	Yes
LRP1_LNGTDPIVAADSK-N2H7F0S0G0	Yes
LRP1_LNGTDPIVAADSK-N2H8F0S0G0	Yes
LRP1_LNGTDPIVAADSK-N4H5F0S1G0	Yes
LRP1_LNGTDPIVAADSKR-N2H5F0S0G0	Yes
LRP1_LNGTDPIVAADSKR-N2H6F0S0G0	Yes
LRP1_LNLDGSNYTLLK-N2H8F0S0G0	Yes
LRP1_LNLDGSNYTLLK-N2H9F0S0G0	Yes
LRP1_LNLDGSNYTLLK-N4H3F1S0G0	Yes
LRP1_LNLDGSNYTLLK-N5H3F1S0G0	Yes
LRP1_LNLDGSNYTLLK-N5H4F1S0G0	Yes
LRP1_LNLDGSNYTLLK-N5H4F2S0G0	Yes
LRP1_LNLDGSNYTLLK-N6H3F1S0G0	Yes
LRP1_LTSCATNASICGDEAR-N2H3F1S0G0	Yes
LRP1_LTSCATNASICGDEAR-N3H3F1S0G0	Yes
LRP1_LTSCATNASICGDEAR-N5H3F1S0G0	Yes
LRP1_LYWISSGNHTINR-N2H5F0S0G0	Yes
LRP1_LYWISSGNHTINR-N2H6F0S0G0	Yes
LRP1_LYWISSGNHTINR-N2H7F0S0G0	Yes
LRP1_MHLNGSNVQVLHR-N2H8F0S0G0	Yes
LRP1_MHLNGSNVQVLHR-N2H9F0S0G0	Yes
LRP1_MHLNGSNVQVLHR-N4H3F1S0G0	Yes
LRP1_MHLNGSNVQVLHR-N4H4F1S0G0	Yes
LRP1_MHLNGSNVQVLHR-N4H4F1S1G0	Yes
LRP1_MHLNGSNVQVLHR-N4H4F2S0G0	Yes
LRP1_MHLNGSNVQVLHR-N4H5F1S0G0	Yes
LRP1_MHLNGSNVQVLHR-N4H5F1S1G0	Yes
LRP1_MHLNGSNVQVLHR-N5H3F1S0G0	Yes
LRP1_MHLNGSNVQVLHR-N5H4F1S0G0	Yes
LRP1_MHLNGSNVQVLHR-N5H4F2S0G0	Yes
LRP1_NSTTLVMHMK-N2H3F0S0G0	Yes
LRP1_NSTTLVMHMK-N2H4F0S0G0	Yes
LRP1_NSTTLVMHMK-N2H5F0S0G0	Yes
LRP1_NSTTLVMHMK-N2H6F0S0G0	Yes
LRP1_NSTTLVMHMK-N2H7F0S0G0	Yes
LRP1_NSTTLVMHMK-N2H9F0S0G0	Yes
LRP1_QPMAPNPCEANGGQGPCSHLCLINYNR-N2H5F0S0G0	Yes
LRP1_QSGDVTCNCTDGR-N2H3F1S0G0	Yes
LRP1_QSGDVTCNCTDGR-N2H8F0S0G0	Yes
LRP1_QTTAMDFSYANETVCWVHVGDSAAQTQLK-N2H5F0S0G0	Yes
LRP1_TCVSNCTASQFVCK-N2H5F0S0G0	Yes
LRP1_TCVSNCTASQFVCK-N3H3F1S0G0	Yes
LRP1_TCVSNCTASQFVCK-N4H3F1S0G0	Yes
LRP1_TCVSNCTASQFVCK-N4H5F1S0G0	Yes
LRP1_TCVSNCTASQFVCK-N4H5F1S1G0	Yes
LRP1_TCVSNCTASQFVCK-N4H5F1S2G0	Yes
LRP1_TCVSNCTASQFVCK-N5H3F1S0G0	Yes
LRP1_THANGSIK-N2H3F1S0G0	Yes
LRP1_THANGSIK-N2H5F0S0G0	Yes
LRP1_THANGSIK-N2H6F0S0G0	Yes
LRP1_THANGSIK-N2H8F0S0G0	Yes
LRP1_THANGSIK-N2H9F0S0G0	Yes
LRP1_THANGSIK-N3H3F1S0G0	Yes
LRP1_THANGSIK-N3H4F2S0G0	Yes
LRP1_THANGSIK-N3H5F2S0G0	Yes
LRP1_THANGSIK-N4H3F1S0G0	Yes
LRP1_THANGSIK-N4H4F1S0G0	Yes
LRP1_THANGSIK-N4H5F1S0G0	Yes
LRP1_THANGSIK-N5H3F1S0G0	Yes
LRP1_THANGSIK-N5H4F1S0G0	Yes
LRP1_VDIPQQPMGIIAVANDTNSCELSPCR-N2H5F0S0G0	Yes
LRP1_VNRFNSTEYQVVTR-N2H5F0S0G0	Yes
LRP1_WTGHNVTVVQR-N2H5F0S0G0	Yes
LRP1_WTGHNVTVVQR-N5H3F1S0G0	Yes
LSAMP_LGVTNASLVLFRPGSVR-N5H4F1S0G0	Yes
LSAMP_LGVTNASLVLFRPGSVR-N5H4F2S0G0	Yes
M6PR_EAGNHTSGAGLVQINK-N2H5F0S0G0	Yes
M6PR_EAGNHTSGAGLVQINK-N4H5F1S0G0	Yes
M6PR_EAGNHTSGAGLVQINK-N4H5F1S1G0	Yes
M6PR_EAGNHTSGAGLVQINK-N4H5F1S2G0	Yes
M6PR_EAGNHTSGAGLVQINK-N5H3F1S0G0	Yes
M6PR_EAGNHTSGAGLVQINK-N5H5F1S1G0	Yes
M6PR_LKPLFNK-N2H5F0S0G0	Yes
M6PR_LKPLFNK-N2H6F0S0G0	Yes
M6PR_LKPLFNK-N2H7F0S0G0	Yes
M6PR_LKPLFNK-N2H8F0S0G0	Yes
MAG_LGCQASFPNTTLQFEGYASMDVK-N5H3F1S0G0	Yes
MAG_NCTLLLSNVSPELGGK-N2H4F0S0G0	Yes
MAG_NCTLLLSNVSPELGGK-N2H5F0S0G0	Yes
MAG_NCTLLLSNVSPELGGK-N2H6F0S0G0	Yes
MAG_NCTLLLSNVSPELGGK-N5H3F0S0G0	Yes
MCAM_CGLSQSQGNLSHVDWFSVHK-N5H3F1S0G0	Yes
MCAM_CVASVPSIPGLNR-N4H5F0S1G0	Yes
MCAM_CVASVPSIPGLNR-N5H3F0S0G0	Yes
MCAM_CVASVPSIPGLNR-N5H4F0S0G0	Yes
MCOLN1_LVNVTIHFR-N2H9F0S0G0	Yes
MEGF8_ALLTNVSSVALGSR-N2H8F0S0G0	Yes
MEGF8_VNSTELFHVDR-N2H9F0S0G0	Yes
MELTF_SCHTGINR-N2H6F0S0G0	Yes
MERTK_NCSIQVK-N2H5F0S0G0	Yes
MERTK_SDNGSYICK-N2H5F0S0G0	Yes
MERTK_SDNGSYICK-N2H6F0S0G0	Yes
MERTK_SDNGSYICK-N4H5F0S1G0	Yes
MFGE8_NNSIPDK-N2H5F0S0G0	Yes
MFGE8_NNSIPDK-N2H6F0S0G0	Yes
MFGE8_NNSIPDK-N2H7F0S0G0	Yes
MOXD1_DAQQDYHLEYAMENSTHTIIEFTR-N2H5F0S0G0	Yes
MOXD1_DAQQDYHLEYAMENSTHTIIEFTR-N2H6F0S0G0	Yes
MPZL1_EIFVANGTQGK-N2H8F0S0G0	Yes
MPZL1_EIFVANGTQGK-N3H4F1S1G0	Yes
MPZL1_EIFVANGTQGK-N3H5F0S1G0	Yes
MPZL1_EIFVANGTQGK-N3H5F1S1G0	Yes
MPZL1_EIFVANGTQGK-N3H5F2S0G0	Yes
MPZL1_EIFVANGTQGK-N3H6F1S1G0	Yes
MPZL1_EIFVANGTQGK-N4H4F1S1G0	Yes
MRC2_GTDPSLSPSPAALPPAPGTELSYLNGTFR-N2H5F0S0G0	Yes
MRC2_GTDPSLSPSPAALPPAPGTELSYLNGTFR-N4H3F1S0G0	Yes
MRC2_VTPACNTSLPAQR-N2H5F0S0G0	Yes
MRC2_VTPACNTSLPAQR-N4H4F1S1G0	Yes
MRC2_VTPACNTSLPAQR-N4H5F1S0G0	Yes
MRC2_VTPACNTSLPAQR-N4H5F1S1G0	Yes
NAAA_FNVSLDSVPELR-N2H6F0S0G0	Yes
NAAA_FNVSLDSVPELR-N2H7F0S0G0	Yes
NCAM1_DGQLLPSSNYSNIK-N4H3F1S0G0	Yes
NCAM1_DGQLLPSSNYSNIK-N4H5F1S1G0	Yes
NCAM1_DGQLLPSSNYSNIK-N4H5F1S2G0	Yes
NCAM1_DGQLLPSSNYSNIK-N4H5F2S2G0	Yes
NCAM1_DGQLLPSSNYSNIK-N5H3F1S0G0	Yes
NCAM1_DGQLLPSSNYSNIK-N5H4F1S1G0	Yes
NCAM1_DGQLLPSSNYSNIK-N5H4F2S0G0	Yes
NCAM1_DGQLLPSSNYSNIK-N5H5F1S1G0	Yes
NCAM1_DGQLLPSSNYSNIK-N5H5F1S2G0	Yes
NCAM1_DGQLLPSSNYSNIK-N5H6F1S3G0	Yes
NCAM1_DGQLLPSSNYSNIK-N6H3F1S0G0	Yes
NCAM1_DGQLLPSSNYSNIK-N6H4F1S0G0	Yes
NCAM1_DGQLLPSSNYSNIK-N6H4F1S1G0	Yes
NCAM1_DGQLLPSSNYSNIK-N6H5F2S1G0	Yes
NCAM1_NISSEEK-N3H3F1S0G0	Yes
NCAM1_NISSEEK-N4H3F1S0G0	Yes
NCAM1_NISSEEK-N5H3F1S0G0	Yes
NCAM1_NISSEEK-N5H4F1S0G0	Yes
NCAM1_NISSEEK-N6H4F1S0G0	Yes
NCAM2_FAMLANNNLQILNINK-N5H4F1S1G0	Yes
NCAM2_FAMLANNNLQILNINK-N5H4F2S0G0	Yes
NCAM2_LVLPAKNTTNLK-N5H3F1S0G0	Yes
NCAM2_LVLPAKNTTNLK-N5H4F2S0G0	Yes
NCAM2_MILEIAPTSDNDFGRYNCTATNHIGTR-N2H5F0S0G0	Yes
NCAM2_MILEIAPTSDNDFGRYNCTATNHIGTR-N2H6F0S0G0	Yes
NCAM2_YNCTATNHIGTR-N2H4F0S0G0	Yes
NCAM2_YNCTATNHIGTR-N2H5F0S0G0	Yes
NCAM2_YNCTATNHIGTR-N2H6F0S0G0	Yes
NCLN_VIYNLTEK-N2H3F0S0G0	Yes
NCLN_VIYNLTEK-N2H5F0S0G0	Yes
NCLN_VIYNLTEK-N2H6F0S0G0	Yes
NCLN_VIYNLTEK-N2H8F0S0G0	Yes
NCLN_VIYNLTEK-N3H3F0S0G0	Yes
NCLN_VIYNLTEK-N4H3F0S0G0	Yes
NCSTN_ALYELAGGTNFSDTVQADPQTVTR-N2H6F0S0G0	Yes
NCSTN_ANNSWFQSILR-N2H8F0S0G0	Yes
NCSTN_IYIPLNK-N2H10F0S0G0	Yes
NCSTN_IYIPLNK-N2H7F0S0G0	Yes
NCSTN_IYIPLNK-N2H8F0S0G0	Yes
NCSTN_IYIPLNK-N2H9F0S0G0	Yes
NCSTN_NISGVVLADHSGAFHNK-N2H6F0S0G0	Yes
NCSTN_NISGVVLADHSGAFHNK-N2H7F0S0G0	Yes
NCSTN_NISGVVLADHSGAFHNK-N2H8F0S0G0	Yes
NEGR1_KLFNGQQGIIIQNFSTR-N2H5F0S0G0	Yes
NEGR1_LFNGQQGIIIQNFSTR-N2H5F0S0G0	Yes
NEO1_TPASDPHGDNLTYSVFYTK-N5H3F1S0G0	Yes
NFASC_AVYQCNTSNEHGYLLANAFVSVLDVPPR-N2H6F0S0G0	Yes
NFASC_AVYQCNTSNEHGYLLANAFVSVLDVPPR-N2H7F0S0G0	Yes
NFASC_EAWNNVTVWGSR-N5H3F1S0G0	Yes
NFASC_EAWNNVTVWGSR-N5H4F2S0G0	Yes
NFASC_ITNVSEEDSGEYFCLASNK-N2H5F0S0G0	Yes
NFASC_NGQGSNLDGGNYHVYENGSLEIK-N2H5F0S0G0	Yes
NFASC_NGQGSNLDGGNYHVYENGSLEIK-N2H6F0S0G0	Yes
NFASC_NGQGSNLDGGNYHVYENGSLEIK-N2H9F0S0G0	Yes
NFASC_QIVENFSPNQTK-N4H3F1S0G0	Yes
NFASC_QIVENFSPNQTK-N4H5F1S1G0	Yes
NFASC_QIVENFSPNQTK-N5H3F1S0G0	Yes
NFASC_QIVENFSPNQTK-N5H4F1S0G0	Yes
NFASC_QIVENFSPNQTK-N5H4F2S0G0	Yes
NFASC_VMNSTAISLQWNR-N2H5F0S0G0	Yes
NFASC_YVAFNGTK-N2H4F0S0G0	Yes
NFASC_YVAFNGTK-N2H5F0S0G0	Yes
NFASC_YVAFNGTK-N2H6F0S0G0	Yes
NFASC_YVAFNGTK-N2H7F0S0G0	Yes
NFASC_YVAFNGTK-N2H8F0S0G0	Yes
NID2_DYSLTFGAINQTWSYR-N4H3F1S0G0	Yes
NID2_DYSLTFGAINQTWSYR-N4H4F1S0G0	Yes
NID2_DYSLTFGAINQTWSYR-N4H5F1S0G0	Yes
NID2_DYSLTFGAINQTWSYR-N4H5F1S1G0	Yes
NID2_DYSLTFGAINQTWSYR-N5H3F1S0G0	Yes
NID2_IHQNITYQVCR-N3H3F1S0G0	Yes
NID2_IHQNITYQVCR-N3H4F1S0G0	Yes
NID2_IHQNITYQVCR-N4H3F1S0G0	Yes
NID2_IHQNITYQVCR-N4H4F1S0G0	Yes
NID2_IHQNITYQVCR-N4H4F1S1G0	Yes
NID2_IHQNITYQVCR-N4H5F1S0G0	Yes
NID2_IHQNITYQVCR-N4H5F1S1G0	Yes
NID2_IHQNITYQVCR-N5H3F1S0G0	Yes
NID2_IHQNITYQVCR-N5H4F1S0G0	Yes
NID2_IHQNITYQVCR-N5H5F1S0G0	Yes
NID2_TNIQGQVPYVSANFTAHISPYK-N7H4F0S0G0	Yes
NOMO1_ADGSFRLENITTGTYTIHAQK-N2H6F0S0G0	Yes
NOMO1_ENVGIYNLSK-N2H6F0S0G0	Yes
NOMO1_ENVGIYNLSK-N2H7F0S0G0	Yes
NOMO1_ENVGIYNLSK-N2H8F0S0G0	Yes
NOMO1_LENITTGTYTIHAQK-N2H5F0S0G0	Yes
NOMO1_LENITTGTYTIHAQK-N2H6F0S0G0	Yes
NOMO1_LENITTGTYTIHAQK-N2H7F0S0G0	Yes
NOMO1_LENITTGTYTIHAQK-N2H8F0S0G0	Yes
NOMO1_VTNSNANAASPLIVAGYNVSGSVR-N2H7F0S0G0	Yes
NOMO1_VTNSNANAASPLIVAGYNVSGSVR-N2H9F0S0G0	Yes
NPC1_DNGQAPFTITPVFSDFPVHGMEPMNNATK-N2H8F0S0G0	Yes
NPTN_ANATIEVK-N2H3F0S0G0	Yes
NPTN_ANATIEVK-N2H4F0S0G0	Yes
NPTN_ANATIEVK-N2H5F0S0G0	Yes
NPTN_ANATIEVK-N2H6F0S0G0	Yes
NPTN_ANATIEVK-N2H7F0S0G0	Yes
NPTN_ANATIEVK-N2H8F0S0G0	Yes
NPTN_ANATIEVK-N2H9F0S0G0	Yes
NPTN_ANATIEVK-N4H3F0S0G0	Yes
NPTN_ANATIEVK-N4H4F0S0G0	Yes
NPTN_ANATIEVK-N4H4F1S0G0	Yes
NPTN_ANATIEVK-N4H5F2S0G0	Yes
NPTN_ANATIEVK-N5H3F0S0G0	Yes
NPTN_ANATIEVK-N5H4F0S0G0	Yes
NPTN_ANATIEVK-N5H4F1S0G0	Yes
NPTN_ANATIEVK-N5H5F1S0G0	Yes
NPTN_ANATIEVK-N5H5F2S0G0	Yes
NPTN_ANATIEVK-N5H6F2S0G0	Yes
NPTN_ANATIEVK-N6H3F0S0G0	Yes
NPTN_ANATIEVK-N6H4F0S0G0	Yes
NPTN_ANATIEVK-N6H4F1S0G0	Yes
NPTN_ANATIEVK-N6H5F1S0G0	Yes
NRCAM_DGDDEWTSVVVANVSK-N4H5F1S1G0	Yes
NRCAM_ERPPTFLTPEGNASNK-N5H3F1S0G0	Yes
NRCAM_FNHTQTIQQK-N2H3F0S0G0	Yes
NRCAM_FNHTQTIQQK-N2H4F0S0G0	Yes
NRCAM_FNHTQTIQQK-N2H5F0S0G0	Yes
NRCAM_FNHTQTIQQK-N2H6F0S0G0	Yes
NRCAM_FNHTQTIQQK-N2H7F0S0G0	Yes
NRCAM_FNHTQTIQQK-N2H8F0S0G0	Yes
NRCAM_GSALHEDIYVLHENGTLEIPVAQK-N2H6F0S0G0	Yes
NRCAM_GSALHEDIYVLHENGTLEIPVAQK-N2H8F0S0G0	Yes
NRCAM_GSALHEDIYVLHENGTLEIPVAQK-N2H9F0S0G0	Yes
NRCAM_NGTHFDIDK-N2H5F0S0G0	Yes
NRCAM_NGTHFDIDK-N2H6F0S0G0	Yes
NRCAM_NGTHFDIDK-N2H7F0S0G0	Yes
NRCAM_NLNFSTR-N2H3F0S0G0	Yes
NRCAM_NLNFSTR-N2H4F0S0G0	Yes
NRCAM_NLNFSTR-N2H5F0S0G0	Yes
NRCAM_VNVVNSTLAEVHWDPVPLK-N2H5F0S0G0	Yes
NRCAM_VNVVNSTLAEVHWDPVPLK-N3H5F2S0G0	Yes
NRCAM_VNVVNSTLAEVHWDPVPLK-N4H4F1S0G0	Yes
NRCAM_VNVVNSTLAEVHWDPVPLK-N4H5F1S0G0	Yes
NRCAM_VNVVNSTLAEVHWDPVPLK-N4H5F2S0G0	Yes
NRCAM_VNVVNSTLAEVHWDPVPLK-N5H3F1S0G0	Yes
NRCAM_VNVVNSTLAEVHWDPVPLK-N5H4F2S0G0	Yes
NRCAM_YQPINSTHELGPLVDLK-N4H5F1S2G0	Yes
NRCAM_YQPINSTHELGPLVDLK-N4H5F2S1G0	Yes
NRCAM_YQPINSTHELGPLVDLK-N5H4F2S0G0	Yes
NRP1_RGPECSQNYTTPSGVIK-N4H5F0S1G0	Yes
NRXN1_NTTLFIDQVEAK-N2H5F0S0G0	Yes
NT5E_GNVISSHGNPILLNSSIPEDPSIK-N2H6F0S0G0	Yes
NT5E_IEFDERGNVISSHGNPILLNSSIPEDPSIK-N2H5F0S0G0	Yes
NT5E_IKLDNYSTQELGK-N4H5F1S1G0	Yes
NTM_LGHTNASIMLFEVK-N4H5F1S1G0	Yes
NTM_LGHTNASIMLFEVK-N5H3F0S0G0	Yes
NTM_LGHTNASIMLFEVK-N5H3F1S0G0	Yes
NTM_LGHTNASIMLFEVK-N5H4F1S0G0	Yes
NTRK2_HMNETSHTQGSLR-N2H5F0S0G0	Yes
NTRK2_ITNISSDDSGK-N5H3F1S0G0	Yes
NTRK2_ITNISSDDSGK-N5H4F2S0G0	Yes
NTRK2_LEPNSVDPENITEIFIANQK-N5H3F1S0G0	Yes
NTRK2_LEPNSVDPENITEIFIANQK-N5H4F2S0G0	Yes
NTRK2_NLTIVDSGLK-N2H3F0S0G0	Yes
NTRK2_NLTIVDSGLK-N2H4F0S0G0	Yes
NTRK2_NLTIVDSGLK-N2H5F0S0G0	Yes
NTRK2_NLTIVDSGLK-N2H6F0S0G0	Yes
NTRK2_NLTIVDSGLK-N2H7F0S0G0	Yes
NTRK2_NLTIVDSGLK-N2H8F0S0G0	Yes
NTRK2_NSNLQHINFTR-N2H3F0S0G0	Yes
NTRK2_NSNLQHINFTR-N2H4F0S0G0	Yes
NTRK2_NSNLQHINFTR-N2H5F0S0G0	Yes
NTRK2_NSNLQHINFTR-N2H6F0S0G0	Yes
NTRK2_NSNLQHINFTR-N2H7F0S0G0	Yes
NTRK2_NSNLQHINFTR-N2H8F0S0G0	Yes
NTRK2_SSPDTQDLYCLNESSK-N5H4F2S0G0	Yes
NTRK2_SSPDTQDLYCLNESSK-N5H5F1S1G0	Yes
NTRK3_NPLGTANQTINGHFLK-N2H5F0S0G0	Yes
NUP210_EGSGYFFLNTSTADVVK-N2H5F0S0G0	Yes
NUP210_EGSGYFFLNTSTADVVK-N2H6F0S0G0	Yes
NUP210_LPNSTIYVVEPGYLGFTVHPGDR-N2H6F0S0G0	Yes
NUP210_VNFTLEASEGCYR-N2H8F0S0G0	Yes
OGFOD3_FMFMEEGANK-N2H6F0S0G0	Yes
OGFOD3_FMFMEEGANK-N2H8F0S0G0	Yes
OLFM4_VNLTTNTIAVTQTLPNAAYNNR-N2H5F0S0G0	Yes
OLFM4_VNLTTNTIAVTQTLPNAAYNNR-N2H6F0S0G0	Yes
OMG_QNITYLLK-N2H5F0S0G0	Yes
OMG_QNITYLLK-N4H5F1S0G0	Yes
OMG_QNITYLLK-N5H3F1S0G0	Yes
OMG_QNITYLLK-N5H4F2S0G0	Yes
OMG_SLEVLNLSSNK-N2H10F0S0G0	Yes
OMG_SLEVLNLSSNK-N2H4F0S0G0	Yes
OMG_SLEVLNLSSNK-N2H5F0S0G0	Yes
OMG_SLEVLNLSSNK-N2H7F0S0G0	Yes
OMG_SLEVLNLSSNK-N2H8F0S0G0	Yes
OMG_SLEVLNLSSNK-N2H9F0S0G0	Yes
OMG_SLEVLNLSSNK-N4H3F0S2G0	Yes
OMG_SLEVLNLSSNK-N4H4F0S2G0	Yes
OMG_SLWNMSAANNNIK-N2H6F0S0G0	Yes
OMG_SLWNMSAANNNIK-N2H7F0S0G0	Yes
OMG_SLWNMSAANNNIK-N2H8F0S0G0	Yes
OMG_SLWNMSAANNNIK-N2H9F0S0G0	Yes
OPCML_DYGNYTCVATNK-N4H3F1S0G0	Yes
OPCML_DYGNYTCVATNK-N4H4F2S0G0	Yes
OPCML_DYGNYTCVATNK-N5H3F1S0G0	Yes
OPCML_DYGNYTCVATNK-N5H4F2S0G0	Yes
OPCML_MSTLTFFNVSEK-N5H3F1S0G0	Yes
OPCML_MSTLTFFNVSEK-N6H5F2S1G0	Yes
OSTM1_NYSEVCK-N2H8F0S0G0	Yes
P2RX4_AAENFTLLVK-N2H6F0S0G0	Yes
P2RX4_AAENFTLLVK-N2H8F0S0G0	Yes
P2RX4_CVAFNGSVK-N2H5F0S0G0	Yes
P2RX7_NILPGLNITCTFHK-N2H6F0S0G0	Yes
P2RX7_NILPGLNITCTFHK-N2H7F0S0G0	Yes
P2RX7_NNIDFPGHNYTTR-N2H8F0S0G0	Yes
P2RX7_TTNVSLYPGYNFR-N2H5F0S0G0	Yes
P2RX7_TTNVSLYPGYNFR-N2H6F0S0G0	Yes
P2RX7_TTNVSLYPGYNFR-N2H7F0S0G0	Yes
P4HTM_LVANESVPFETSCR-N2H5F0S0G0	Yes
P4HTM_LVANESVPFETSCR-N2H6F0S0G0	Yes
PCDH17_DGGSPPLNSTK-N2H5F0S0G0	Yes
PCDH17_DSGAPAHLESNATVR-N5H3F1S0G0	Yes
PCDH9_IVASDSGKPSLNQTALVR-N2H5F0S0G0	Yes
PCDH9_LFALNNTTGLITVQR-N2H5F0S0G0	Yes
PCDH9_LFALNNTTGLITVQR-N5H3F1S0G0	Yes
PCDH9_LVVNISDLGYPK-N2H5F0S0G0	Yes
PCDH9_LVVNISDLGYPK-N2H6F0S0G0	Yes
PCDH9_LVVNISDLGYPK-N2H7F0S0G0	Yes
PCDH9_VTINVMDVNDNSPVVISPPSNTSFK-N2H5F0S0G0	Yes
PCDHGC3_VLDANDNAPVFNQSLYR-N4H4F2S0G0	Yes
PCDHGC3_VLDANDNAPVFNQSLYR-N4H5F1S1G0	Yes
PCDHGC3_VLDANDNAPVFNQSLYR-N5H3F1S0G0	Yes
PCDHGC5_LNISDVNDNAPR-N2H5F0S0G0	Yes
PGAP1_HINLTTLSVAGGFR-N2H5F0S0G0	Yes
PGAP1_HINLTTLSVAGGFR-N2H6F0S0G0	Yes
PGAP1_LHIAQPENNTHVALFK-N2H8F0S0G0	Yes
PGLYRP2_GFGVAIVGNYTAALPTEAALR-N4H5F0S2G0	Yes
PGLYRP2_LEPVHLQLQCMSQEQLAQVAANATK-N4H5F0S2G0	Yes
PGLYRP2_LEPVHLQLQCMSQEQLAQVAANATK-N4H5F2S1G0	Yes
PIEZO1_HMLALAPNSTAR-N2H5F0S0G0	Yes
PIGN_NNQSLFSK-N2H8F0S0G0	Yes
PIGS_TYNASVLPVR-N2H5F0S0G0	Yes
PIGT_TYAIYDLLDTAMINNSR-N2H5F0S0G0	Yes
PIGT_TYAIYDLLDTAMINNSR-N2H6F0S0G0	Yes
PLA2G15_VFVQTPTINYTLR-N2H5F0S0G0	Yes
PLA2G15_VFVQTPTINYTLR-N2H6F0S0G0	Yes
PLD3_AFLLSLAALRDNHTHSDIQVK-N2H3F1S0G0	Yes
PLD3_DNHTHSDIQVK-N2H3F1S0G0	Yes
PLD3_DNHTHSDIQVK-N2H8F0S0G0	Yes
PLD3_ELGVVMYNCSCLAR-N2H3F0S0G0	Yes
PLD3_ELGVVMYNCSCLAR-N2H3F1S0G0	Yes
PLD3_ELGVVMYNCSCLAR-N2H4F0S0G0	Yes
PLD3_ELGVVMYNCSCLAR-N2H4F1S0G0	Yes
PLD3_ELGVVMYNCSCLAR-N2H5F0S0G0	Yes
PLD3_ELGVVMYNCSCLAR-N2H9F0S0G0	Yes
PLD4_NISLAVATSSPTLAR-N2H3F1S0G0	Yes
PLOD1_EQINITLDHR-N2H5F0S0G0	Yes
PLOD1_EQINITLDHR-N2H6F0S0G0	Yes
PLOD1_EQINITLDHR-N2H7F0S0G0	Yes
PLOD1_YIHQNYTK-N2H4F0S0G0	Yes
PLOD1_YIHQNYTK-N2H5F0S0G0	Yes
PLOD1_YIHQNYTK-N2H6F0S0G0	Yes
PLOD1_YIHQNYTK-N2H7F0S0G0	Yes
PLOD1_YIHQNYTK-N2H8F0S0G0	Yes
PLOD1_YIHQNYTK-N2H9F0S0G0	Yes
PLOD2_EAINITLDHK-N2H7F0S0G0	Yes
PLOD2_EAINITLDHK-N2H8F0S0G0	Yes
PLOD2_REAINITLDHK-N2H8F0S0G0	Yes
PLOD2_YFNYTVK-N2H6F0S0G0	Yes
PLOD2_YFNYTVK-N2H7F0S0G0	Yes
PLOD2_YFNYTVK-N2H8F0S0G0	Yes
PLOD3_EQYIHENYSR-N2H4F0S0G0	Yes
PLOD3_EQYIHENYSR-N2H5F0S0G0	Yes
PLOD3_EQYIHENYSR-N2H6F0S0G0	Yes
PLOD3_EQYIHENYSR-N2H8F0S0G0	Yes
PLOD3_SAEFFNYTVR-N2H4F0S0G0	Yes
PLOD3_SAEFFNYTVR-N2H5F0S0G0	Yes
PLOD3_SAEFFNYTVR-N2H6F0S0G0	Yes
PLOD3_SAEFFNYTVR-N2H7F0S0G0	Yes
PLOD3_SAEFFNYTVR-N2H8F0S0G0	Yes
PLXNA1_ENGCLVYNDTTMVCR-N2H5F0S0G0	Yes
PLXNA2_EHYLSSVNK-N2H5F0S0G0	Yes
PLXNA2_EHYLSSVNK-N2H6F0S0G0	Yes
PLXNA2_LTGNLTIQVAHK-N5H3F1S0G0	Yes
PLXNA4_NHSLAFVGTK-N2H5F0S0G0	Yes
PLXNA4_SPSYIVCNTTSSDEVLEMK-N2H5F0S0G0	Yes
PLXNA4_SPSYIVCNTTSSDEVLEMK-N2H6F0S0G0	Yes
PLXNB1_LTLNGSK-N5H3F1S0G0	Yes
PLXNB1_YTLDPNITSAGPTK-N4H5F2S1G0	Yes
PLXNB1_YTLDPNITSAGPTK-N5H3F1S0G0	Yes
PLXNB1_YTLDPNITSAGPTK-N5H4F2S0G0	Yes
PLXNB2_EAESLQPMTVVGTDYVFHNDTK-N2H5F0S0G0	Yes
PLXNB2_LHVTLYNCSFGR-N2H5F0S0G0	Yes
PLXNB2_LHVTLYNCSFGR-N2H6F0S0G0	Yes
PLXNB2_LSHDANETLPLHLYVK-N2H5F0S0G0	Yes
PLXNB2_LSHDANETLPLHLYVK-N4H5F1S0G0	Yes
PLXNB2_LSHDANETLPLHLYVK-N4H5F1S1G0	Yes
PLXNB2_LSHDANETLPLHLYVK-N4H5F2S0G0	Yes
PLXNB2_LSHDANETLPLHLYVK-N4H5F2S1G0	Yes
PLXNB2_SCVAVTSAQPQNMSR-N2H5F0S0G0	Yes
PLXNB2_SCVAVTSAQPQNMSR-N3H3F0S0G0	Yes
PLXNB2_SCVAVTSAQPQNMSR-N5H3F0S0G0	Yes
PLXNB2_SINVTGQGFSLIQR-N2H5F0S0G0	Yes
PLXNB2_SINVTGQGFSLIQR-N2H6F0S0G0	Yes
PLXNB2_SINVTGQGFSLIQR-N2H7F0S0G0	Yes
PLXNB2_SINVTGQGFSLIQR-N2H8F0S0G0	Yes
PLXNB2_SINVTGQGFSLIQR-N2H9F0S0G0	Yes
PLXNB2_TEAGAFEYVPDPTFENFTGGVK-N3H5F2S0G0	Yes
PLXNB2_TEAGAFEYVPDPTFENFTGGVK-N4H5F1S1G0	Yes
PLXNB3_LVVGDFSDYNNSYVGAFADAR-N2H5F0S0G0	Yes
PLXNC1_ASNITMILK-N2H5F0S0G0	Yes
PLXNC1_DVIQVSHVLNDTHMK-N2H8F0S0G0	Yes
PLXNC1_SNVIVTGANFTR-N2H5F0S0G0	Yes
PLXNC1_TASTIANSSK-N2H6F0S0G0	Yes
PLXNC1_TASTIANSSK-N2H7F0S0G0	Yes
PLXNC1_TASTIANSSK-N2H8F0S0G0	Yes
PLXNC1_VILGENLTSNCPEVIYEIK-N2H5F0S0G0	Yes
PLXNC1_VQPIASSTLIHSDLTSVYGTVVMNR-N2H5F0S0G0	Yes
PLXND1_ANFTIYDCSR-N2H5F0S0G0	Yes
PLXND1_ANFTIYDCSR-N2H6F0S0G0	Yes
PODXL_QLVLNLTGNTLCAGGASDEK-N4H5F1S1G0	Yes
PODXL_QLVLNLTGNTLCAGGASDEK-N4H5F1S2G0	Yes
PODXL_QLVLNLTGNTLCAGGASDEK-N4H5F2S1G0	Yes
PODXL_QLVLNLTGNTLCAGGASDEK-N4H5F3S1G0	Yes
POMT1_FVHVNTSAVLK-N2H6F0S0G0	Yes
POMT1_FVHVNTSAVLK-N2H7F0S0G0	Yes
POMT1_FVHVNTSAVLK-N2H8F0S0G0	Yes
PON2_HTNMNLTQLK-N2H10F0S0G0	Yes
PON2_HTNMNLTQLK-N2H4F0S0G0	Yes
PON2_HTNMNLTQLK-N2H5F0S0G0	Yes
PON2_HTNMNLTQLK-N2H6F0S0G0	Yes
PON2_HTNMNLTQLK-N2H7F0S0G0	Yes
PON2_HTNMNLTQLK-N2H8F0S0G0	Yes
PON2_HTNMNLTQLK-N2H9F0S0G0	Yes
PON2_IQNILSEKPTVTTVYANNGSVLQGSSVASVYDGK-N2H4F0S0G0	Yes
PON2_IQNILSEKPTVTTVYANNGSVLQGSSVASVYDGK-N2H5F0S0G0	Yes
PON2_IQNILSEKPTVTTVYANNGSVLQGSSVASVYDGK-N2H6F0S0G0	Yes
PON2_IQNILSEKPTVTTVYANNGSVLQGSSVASVYDGK-N2H7F0S0G0	Yes
PON2_IQNILSEKPTVTTVYANNGSVLQGSSVASVYDGK-N2H8F0S0G0	Yes
PROM1_YILAQYNTTK-N5H3F1S0G0	Yes
PTGDS_SVVAPATDGGLNLTSTFLR-N2H7F0S0G0	Yes
PTGDS_SVVAPATDGGLNLTSTFLR-N2H8F0S0G0	Yes
PTGDS_SVVAPATDGGLNLTSTFLR-N4H3F1S0G0	Yes
PTGDS_SVVAPATDGGLNLTSTFLR-N4H4F1S0G0	Yes
PTGDS_SVVAPATDGGLNLTSTFLR-N4H4F1S1G0	Yes
PTGDS_SVVAPATDGGLNLTSTFLR-N4H4F2S0G0	Yes
PTGDS_SVVAPATDGGLNLTSTFLR-N4H5F1S0G0	Yes
PTGDS_SVVAPATDGGLNLTSTFLR-N4H5F1S1G0	Yes
PTGDS_SVVAPATDGGLNLTSTFLR-N4H5F1S2G0	Yes
PTGDS_SVVAPATDGGLNLTSTFLR-N4H5F2S1G0	Yes
PTGDS_SVVAPATDGGLNLTSTFLR-N4H5F3S0G0	Yes
PTGDS_SVVAPATDGGLNLTSTFLR-N5H3F1S0G0	Yes
PTGDS_SVVAPATDGGLNLTSTFLR-N5H4F1S0G0	Yes
PTGDS_SVVAPATDGGLNLTSTFLR-N5H4F1S1G0	Yes
PTGDS_SVVAPATDGGLNLTSTFLR-N5H4F2S0G0	Yes
PTGDS_SVVAPATDGGLNLTSTFLR-N5H4F2S1G0	Yes
PTGDS_SVVAPATDGGLNLTSTFLR-N5H5F1S0G0	Yes
PTGDS_SVVAPATDGGLNLTSTFLR-N5H5F1S1G0	Yes
PTGDS_SVVAPATDGGLNLTSTFLRK-N5H4F2S0G0	Yes
PTGDS_SVVAPATDGGLNLTSTFLRK-N5H5F1S1G0	Yes
PTGFRN_ELDLTCNITTDR-N2H5F0S0G0	Yes
PTGFRN_NVSVAEGK-N2H5F0S0G0	Yes
PTGFRN_NVSVAEGK-N5H3F1S0G0	Yes
PTK7_ATVFANGSLLLTQVRPR-N2H5F0S0G0	Yes
PTK7_DGTPLSDGQSNHTVSSK-N5H3F1S0G0	Yes
PTK7_FEVFKNGTLR-N2H6F0S0G0	Yes
PTK7_RQDVNITVATVPSWLK-N5H3F1S0G0	Yes
PTK7_SANASFNIK-N5H3F1S0G0	Yes
PTPRC_NGSAAMCHFTTK-N5H6F0S1G0	Yes
PTPRC_YANITVDYLYNK-N6H7F1S1G0	Yes
PTPRD_KVEVEAVNSTSVK-N2H5F0S0G0	Yes
PTPRF_DINSQQELQNITTDTR-N5H3F1S0G0	Yes
PTPRJ_ACVAGFTNITFHPQNK-N2H6F0S0G0	Yes
PTPRS_KVEAEALNATAIR-N2H5F0S0G0	Yes
PTPRZ1_ESFLQTNYTEIR-N2H8F0S0G0	Yes
PTPRZ1_GDVPNTSLNSTSQPVTK-N2H8F0S0G0	Yes
PTPRZ1_GDVPNTSLNSTSQPVTK-N6H4F1S0G0	Yes
PTPRZ1_GDVPNTSLNSTSQPVTK-N6H4F1S1G0	Yes
PTPRZ1_TVEINLTNDYR-N2H3F0S0G0	Yes
PTPRZ1_TVEINLTNDYR-N2H4F0S0G0	Yes
PTPRZ1_TVEINLTNDYR-N2H5F0S0G0	Yes
PTPRZ1_TVEINLTNDYR-N2H6F0S0G0	Yes
PTPRZ1_TVEINLTNDYR-N2H7F0S0G0	Yes
PTPRZ1_TVEINLTNDYR-N2H8F0S0G0	Yes
PTPRZ1_TVEINLTNDYR-N3H3F0S0G0	Yes
PTPRZ1_TVEINLTNDYR-N3H4F0S0G0	Yes
PTPRZ1_TVEINLTNDYR-N3H4F1S0G0	Yes
PTPRZ1_TVEINLTNDYR-N3H5F0S0G0	Yes
PTPRZ1_TVEINLTNDYR-N3H5F1S0G0	Yes
PTPRZ1_TVEINLTNDYR-N3H6F0S0G0	Yes
PTPRZ1_TVEINLTNDYR-N3H6F0S1G0	Yes
PTPRZ1_TVEINLTNDYR-N3H6F1S0G0	Yes
PTPRZ1_TVEINLTNDYR-N4H3F0S0G0	Yes
PTPRZ1_TVEINLTNDYR-N4H4F0S0G0	Yes
PTPRZ1_TVEINLTNDYR-N4H4F0S1G0	Yes
PTPRZ1_TVEINLTNDYR-N4H4F1S0G0	Yes
PTPRZ1_TVEINLTNDYR-N4H5F0S0G0	Yes
PTPRZ1_TVEINLTNDYR-N4H5F0S1G0	Yes
PTPRZ1_TVEINLTNDYR-N4H5F1S0G0	Yes
PTPRZ1_TVEINLTNDYR-N5H3F0S0G0	Yes
PTPRZ1_TVEINLTNDYR-N5H4F0S0G0	Yes
PTPRZ1_TVEINLTNDYR-N5H4F0S1G0	Yes
PTPRZ1_TVEINLTNDYR-N5H4F1S0G0	Yes
PTPRZ1_TVEINLTNDYR-N5H4F1S1G0	Yes
PTTG1IP_NVSCLWCNTNK-N2H6F0S0G0	Yes
PTTG1IP_NVSCLWCNTNK-N2H7F0S0G0	Yes
PXDN_ILCDNADNITR-N2H5F0S0G0	Yes
PXDN_ILCDNADNITR-N2H6F0S0G0	Yes
PXDN_ILCDNADNITR-N2H7F0S0G0	Yes
PXDN_ILCDNADNITR-N2H8F0S0G0	Yes
RHBDF2_SNHTGFLHMDCEIK-N2H5F0S0G0	Yes
RNASET2_AYWPDVIHSFPNR-N2H4F0S0G0	Yes
RNASET2_AYWPDVIHSFPNR-N2H6F0S0G0	Yes
RPN1_TILPAAAQDVYYRDEIGNVSTSHLLILDDSVEMEIRPR-N2H6F0S0G0	Yes
RPN2_SNLDPSNVDSLFYAAQASQALSGCEISISNETK-N2H5F0S0G0	Yes
RPN2_SNLDPSNVDSLFYAAQASQALSGCEISISNETK-N2H6F0S0G0	Yes
SCARB2_ANIQFGDNGTTISAVSNK-N4H5F4S1G0	Yes
SCARB2_ANIQFGDNGTTISAVSNK-N6H7F1S2G0	Yes
SCARB2_ANIQFGDNGTTISAVSNK-N6H7F1S3G0	Yes
SCARB2_ANIQFGDNGTTISAVSNK-N6H7F3S2G0	Yes
SCARB2_CNMINGTDGDSFHPLITK-N2H8F0S0G0	Yes
SCARB2_CNMINGTDGDSFHPLITK-N2H9F0S0G0	Yes
SCARB2_TMVFPVMYLNESVHIDK-N2H9F0S0G0	Yes
SCARB2_TMVFPVMYLNESVHIDKETASR-N2H9F0S0G0	Yes
SCARB2_TMVFPVMYLNESVHIDKETASR-N8H3F0S0G0	Yes
SCG3_NATDNISK-N5H3F1S0G0	Yes
SCG3_TYPPENKPGQSNYSFVDNLNLLK-N5H4F0S1G0	Yes
SCN3B_LQWNGSK-N2H5F0S0G0	Yes
SEL1L_AASMNHTK-N2H5F0S0G0	Yes
SEL1L_AASMNHTK-N2H6F0S0G0	Yes
SEL1L_AASMNHTK-N2H7F0S0G0	Yes
SEL1L_AASMNHTK-N2H8F0S0G0	Yes
SEL1L_AASMNHTK-N2H9F0S0G0	Yes
SEL1L_EASIVGENETYPR-N2H8F0S0G0	Yes
SEL1L_GQTALGFLYASGLGVNSSQAK-N2H8F0S0G0	Yes
SEL1L_GQTALGFLYASGLGVNSSQAK-N2H9F0S0G0	Yes
SEL1L_ILNGSNK-N2H8F0S0G0	Yes
SEL1L_ILNGSNKK-N2H8F0S0G0	Yes
SEL1L_MYSEGSDIVPQSNETALHYFK-N2H6F0S0G0	Yes
SELENON_NWTAAASPSAVFATR-N2H6F0S0G0	Yes
SEMA4B_FEAEHISNYTALLLSR-N2H6F0S0G0	Yes
SEMA4B_FEAEHISNYTALLLSR-N2H7F0S0G0	Yes
SEMA4D_AANYTSSLNLPDK-N5H3F1S0G0	Yes
SEMA4D_EAVFAVNALNISEK-N5H3F1S0G0	Yes
SEMA4D_EAVFAVNALNISEK-N5H4F0S1G0	Yes
SEMA4D_NSSHSPLR-N2H6F0S0G0	Yes
SEMA6A_IAVDTAAGPYQNHTVVFLGSEK-N2H5F0S0G0	Yes
SGCB_ITSNATSDLNIK-N2H5F0S0G0	Yes
SGCB_ITSNATSDLNIK-N2H8F0S0G0	Yes
SGCB_LSVENNK-N2H5F0S0G0	Yes
SGCB_LSVENNK-N2H8F0S0G0	Yes
SGCD_NVTVNILNDQTK-N2H5F0S0G0	Yes
SGCD_NVTVNILNDQTK-N2H6F0S0G0	Yes
SGCE_LNAINITSALDR-N2H5F0S0G0	Yes
SGCE_LNAINITSALDR-N2H6F0S0G0	Yes
SGCE_LNAINITSALDR-N2H7F0S0G0	Yes
SIRPA_AENQVNVTCQVR-N2H4F0S0G0	Yes
SIRPA_AENQVNVTCQVR-N2H5F0S0G0	Yes
SIRPA_AENQVNVTCQVR-N2H6F0S0G0	Yes
SIRPA_AENQVNVTCQVR-N2H7F0S0G0	Yes
SIRPA_AENQVNVTCQVR-N3H6F0S1G0	Yes
SIRPA_GTANLSETIR-N5H3F1S0G0	Yes
SIRPA_IGNITPADAGTYYCVK-N4H3F1S0G0	Yes
SIRPA_IGNITPADAGTYYCVK-N5H3F1S0G0	Yes
SIRPA_IGNITPADAGTYYCVK-N5H4F2S0G0	Yes
SIRPA_IGNITPADAGTYYCVK-N5H5F1S1G0	Yes
SIRPA_IGNITPADAGTYYCVK-N6H3F1S0G0	Yes
SIRPA_IGNITPADAGTYYCVK-N6H4F2S0G0	Yes
SIRPA_IGNITPADAGTYYCVK-N6H5F1S1G0	Yes
SIRPA_IGNITPADAGTYYCVK-N6H6F2S1G0	Yes
SIRPA_VPPTLEVTQQPVRAENQVNVTCQVR-N2H5F0S0G0	Yes
SIRPA_VPPTLEVTQQPVRAENQVNVTCQVR-N2H7F0S0G0	Yes
SLC39A10_DLNEDDHHHECLNVTQLLK-N2H5F0S0G0	Yes
SLC39A6_NTNENPQECFNASK-N2H5F0S0G0	Yes
SLC44A1_CAPVNISCYAK-N2H5F0S0G0	Yes
SORCS1_DCSLGQSYLNSTGYR-N2H5F0S0G0	Yes
SORCS3_IVSNNCTDGLR-N2H5F0S0G0	Yes
SORL1_AASNFTEIK-N2H8F0S0G0	Yes
SORL1_AASNFTEIK-N4H5F1S2G0	Yes
SORL1_AINQTAVECTWTGPR-N2H7F0S0G0	Yes
SORL1_AINQTAVECTWTGPR-N2H8F0S0G0	Yes
SORL1_CPNGTCIPSSK-N2H5F0S0G0	Yes
SORL1_GIGNWSDSK-N2H5F0S0G0	Yes
SORL1_GIGNWSDSK-N2H6F0S0G0	Yes
SORL1_GIGNWSDSK-N2H7F0S0G0	Yes
SORL1_GIGNWSDSK-N2H8F0S0G0	Yes
SORL1_LTIVNSSVLDRPR-N4H4F2S0G0	Yes
SORL1_SLTTSLHNK-N2H5F0S0G0	Yes
SORL1_SLTTSLHNK-N2H6F0S0G0	Yes
SORL1_SLTTSLHNK-N2H7F0S0G0	Yes
SORL1_TLETHSNK-N2H5F0S0G0	Yes
SORL1_TLETHSNK-N2H6F0S0G0	Yes
SORL1_TLETHSNK-N2H7F0S0G0	Yes
SORL1_YHIIVQLGNMSK-N2H5F0S0G0	Yes
SORL1_YHIIVQLGNMSK-N2H6F0S0G0	Yes
SORL1_YHIIVQLGNMSK-N2H7F0S0G0	Yes
SORL1_YHIIVQLGNMSK-N2H8F0S0G0	Yes
SORL1_YHIIVQLGNMSK-N2H9F0S0G0	Yes
SORT1_DITDLINNTFIR-N5H3F1S0G0	Yes
SORT1_HLYTTTGGETDFTNVTSLR-N2H10F0S0G0	Yes
SORT1_HLYTTTGGETDFTNVTSLR-N2H9F0S0G0	Yes
SORT1_LANNTHQHVFDDLR-N4H5F1S2G0	Yes
SORT1_LANNTHQHVFDDLR-N5H3F1S0G0	Yes
SPARC_VCSNDNK-N2H7F0S0G0	Yes
SPPL2A_DMNQTLGDNITVK-N2H6F0S0G0	Yes
SSR2_IAPASNVSHTVVLRPLK-N2H6F0S0G0	Yes
SSR2_IAPASNVSHTVVLRPLK-N2H7F0S0G0	Yes
SSR2_IAPASNVSHTVVLRPLK-N2H8F0S0G0	Yes
SSR2_IAPASNVSHTVVLRPLK-N2H9F0S0G0	Yes
STAB1_TMNASLAQQLCR-N4H5F1S1G0	Yes
STIM1_LAVTNTTMTGTVLK-N2H5F0S0G0	Yes
STIM1_LAVTNTTMTGTVLK-N2H6F0S0G0	Yes
STIM1_LAVTNTTMTGTVLK-N2H7F0S0G0	Yes
STIM1_LAVTNTTMTGTVLK-N2H8F0S0G0	Yes
STT3A_TILVDNNTWNNTHISR-N2H8F0S0G0	Yes
STT3A_TILVDNNTWNNTHISR-N8H3F0S0G0	Yes
STT3B_AMSSNETAAYK-N2H6F0S0G0	Yes
STT3B_AMSSNETAAYK-N2H7F0S0G0	Yes
STT3B_AMSSNETAAYK-N2H8F0S0G0	Yes
STT3B_AMSSNETAAYK-N2H9F0S0G0	Yes
STT3B_TTLVDNNTWNNSHIALVGK-N2H10F0S0G0	Yes
STT3B_TTLVDNNTWNNSHIALVGK-N2H8F0S0G0	Yes
STT3B_TTLVDNNTWNNSHIALVGK-N2H9F0S0G0	Yes
STT3B_TTLVDNNTWNNSHIALVGK-N4H3F0S2G0	Yes
STT3B_TTLVDNNTWNNSHIALVGK-N5H4F2S0G0	Yes
SUCO_SISENATATAAPK-N2H6F0S0G0	Yes
SUCO_SISENATATAAPK-N2H8F0S0G0	Yes
SUCO_TEDLTEGNK-N2H6F0S0G0	Yes
SUCO_TEDLTEGNK-N2H8F0S0G0	Yes
SUN1_TLSPTGNISSAPK-N2H6F0S0G0	Yes
SUN2_ALSPNSTISSAPK-N2H5F0S0G0	Yes
SUN2_ALSPNSTISSAPK-N2H6F0S0G0	Yes
SUN2_ALSPNSTISSAPK-N2H7F0S0G0	Yes
SUN2_ALSPNSTISSAPK-N2H8F0S0G0	Yes
SYPL1_GQTEIQVNCPPAVTENK-N2H5F0S0G0	Yes
SYPL1_GQTEIQVNCPPAVTENK-N3H6F0S1G0	Yes
SYPL1_GQTEIQVNCPPAVTENK-N3H6F1S0G0	Yes
TENM2_GQVVTTDGTPLVGVNVSFVK-N2H5F0S0G0	Yes
TENM2_VLESGVNVTVSQPTLLVNGR-N2H6F0S0G0	Yes
TENM3_ISFLIGSDSTHVIPGESPFNK-N2H8F0S0G0	Yes
TENM4_FNVSLGK-N2H5F0S0G0	Yes
TENM4_LTNVTFPTGQVSSFR-N2H6F0S0G0	Yes
TENM4_LTNVTFPTGQVSSFR-N2H7F0S0G0	Yes
TENM4_LTNVTFPTGQVSSFR-N2H8F0S0G0	Yes
TENM4_NIYQPPEGNASVIQDFTEDGHLLHTFYLGTGR-N2H5F0S0G0	Yes
TENM4_TLENGVNVTVSQINTVLNGR-N2H5F0S0G0	Yes
TENM4_TLENGVNVTVSQINTVLNGR-N2H6F0S0G0	Yes
TFRC_KQNNGAFNETLFR-N2H7F0S0G0	Yes
TFRC_QNNGAFNETLFR-N2H6F0S0G0	Yes
TFRC_QNNGAFNETLFR-N2H7F0S0G0	Yes
TFRC_QNNGAFNETLFR-N2H8F0S0G0	Yes
THSD7A_NISCVVSDGSADDFSK-N2H5F0S0G0	Yes
THY1_DEGTYTCALHHSGHSPPISSQNVTVLR-N2H5F0S0G0	Yes
THY1_DEGTYTCALHHSGHSPPISSQNVTVLR-N5H3F1S0G0	Yes
THY1_HENTSSSPIQYEFSLTR-N2H5F0S0G0	Yes
THY1_HENTSSSPIQYEFSLTR-N3H4F1S0G0	Yes
THY1_HENTSSSPIQYEFSLTR-N3H4F2S0G0	Yes
THY1_HENTSSSPIQYEFSLTR-N3H5F1S0G0	Yes
THY1_HENTSSSPIQYEFSLTR-N3H5F1S1G0	Yes
THY1_HENTSSSPIQYEFSLTR-N3H5F2S0G0	Yes
THY1_HENTSSSPIQYEFSLTR-N3H5F2S1G0	Yes
THY1_HENTSSSPIQYEFSLTR-N3H6F1S0G0	Yes
THY1_HENTSSSPIQYEFSLTR-N3H6F1S1G0	Yes
THY1_HENTSSSPIQYEFSLTR-N4H3F1S0G0	Yes
THY1_HENTSSSPIQYEFSLTR-N4H4F1S0G0	Yes
THY1_HENTSSSPIQYEFSLTR-N4H4F2S0G0	Yes
THY1_HENTSSSPIQYEFSLTR-N4H5F1S0G0	Yes
THY1_HENTSSSPIQYEFSLTR-N4H5F1S1G0	Yes
THY1_HENTSSSPIQYEFSLTR-N4H5F1S2G0	Yes
THY1_HENTSSSPIQYEFSLTR-N4H5F2S0G0	Yes
THY1_HENTSSSPIQYEFSLTR-N4H5F2S1G0	Yes
THY1_HENTSSSPIQYEFSLTR-N4H6F1S0G0	Yes
THY1_HENTSSSPIQYEFSLTR-N4H6F1S1G0	Yes
THY1_HENTSSSPIQYEFSLTR-N4H6F2S0G0	Yes
THY1_HENTSSSPIQYEFSLTR-N5H3F1S0G0	Yes
THY1_HENTSSSPIQYEFSLTR-N5H3F4S0G0	Yes
THY1_HENTSSSPIQYEFSLTR-N5H4F1S0G0	Yes
THY1_HENTSSSPIQYEFSLTR-N5H4F1S1G0	Yes
THY1_HENTSSSPIQYEFSLTR-N5H4F2S0G0	Yes
THY1_HENTSSSPIQYEFSLTR-N5H5F1S0G0	Yes
THY1_HENTSSSPIQYEFSLTR-N5H6F1S1G0	Yes
THY1_HENTSSSPIQYEFSLTR-N6H4F1S1G0	Yes
THY1_HENTSSSPIQYEFSLTR-N6H4F2S0G0	Yes
THY1_HENTSSSPIQYEFSLTR-N6H5F1S1G0	Yes
THY1_VLYLSAFTSKDEGTYTCALHHSGHSPPISSQNVTVLR-N2H5F0S0G0	Yes
TM2D1_LSITNETFRK-N2H8F0S0G0	Yes
TM9SF3_IVDVNLTSEGK-N4H5F0S2G0	Yes
TMED9_FTFTSHTPGEHQICLHSNSTK-N2H5F0S0G0	Yes
TMED9_FTFTSHTPGEHQICLHSNSTK-N2H6F0S0G0	Yes
TMED9_FTFTSHTPGEHQICLHSNSTK-N4H3F1S0G0	Yes
TMED9_FTFTSHTPGEHQICLHSNSTK-N5H3F1S0G0	Yes
TMEM106B_LNNITIIGPLDMK-N2H5F0S0G0	Yes
TMEM106B_LNNITIIGPLDMK-N2H6F0S0G0	Yes
TMEM106B_LNNITIIGPLDMK-N2H7F0S0G0	Yes
TMEM106B_LNNITIIGPLDMK-N2H8F0S0G0	Yes
TMEM131_EADNHTAFIR-N2H6F0S0G0	Yes
TMEM30A_YSLNVTYNYPVHYFDGR-N2H5F0S0G0	Yes
TMEM87A_NTTIFLK-N3H6F0S1G0	Yes
TMEM87A_NTTIFLK-N3H6F1S0G0	Yes
TMEM9_NISGHIYNQNVSQK-N2H6F0S0G0	Yes
TMX3_LVALAVIDEKNTSVEHTR-N2H5F0S0G0	Yes
TMX3_LVALAVIDEKNTSVEHTR-N2H6F0S0G0	Yes
TMX3_LVALAVIDEKNTSVEHTR-N2H7F0S0G0	Yes
TMX3_LVALAVIDEKNTSVEHTR-N2H8F0S0G0	Yes
TMX3_NTSVEHTR-N2H6F0S0G0	Yes
TMX3_NTSVEHTR-N2H7F0S0G0	Yes
TOR1AIP1_HLNSSHPR-N2H6F0S0G0	Yes
TOR1AIP1_HLNSSHPR-N2H8F0S0G0	Yes
TOR1AIP2_HLNASNPTEPATIIFTAAR-N2H6F0S0G0	Yes
TOR1AIP2_HLNASNPTEPATIIFTAAR-N2H7F0S0G0	Yes
TOR1AIP2_HLNASNPTEPATIIFTAAR-N2H8F0S0G0	Yes
TOR1A_GNVSACAR-N2H9F0S0G0	Yes
TOR1B_EERPLNASALK-N2H8F0S0G0	Yes
TPBG_HLDLSNNSLVSLTYVSFR-N2H6F0S0G0	Yes
TSPAN3_NQSVPLSCCR-N2H4F0S0G0	Yes
TSPAN3_NQSVPLSCCR-N2H5F0S0G0	Yes
TXNDC15_IFIFNQTGIEAK-N2H8F0S0G0	Yes
UGT8_NLGNNTK-N2H5F0S0G0	Yes
UGT8_NLGNNTK-N2H6F0S0G0	Yes
UGT8_YPGIFNSTTSDAFLQSK-N2H6F0S0G0	Yes
VASN_NLSGPDK-N2H5F0S0G0	Yes
WFS1_CLYGEAYPACSPGNTSTAEEELCR-N2H5F0S0G0	Yes
